theme_id,theme,category,is_active,ticker_count,baseline_avg_1w,baseline_avg_1m,baseline_avg_3m,positive_1m_breadth_pct,valid_1m_count,median_1m,std_1m,max_member_1m,top_abs_share_1m_pct,baseline_score,confidence_factor,breadth_signal,mean_median_gap_1m,winsorized_avg_1w,winsorized_avg_1m,winsorized_avg_3m,winsorized_score,confidence_adjusted_score,breadth_adjusted_score,combined_score,baseline_rank,confidence_rank,winsorized_rank,breadth_rank,combined_rank,confidence_rank_delta_vs_baseline,winsorized_rank_delta_vs_baseline,breadth_rank_delta_vs_baseline,combined_rank_delta_vs_baseline
940,Edge Computing,Emerging Tech,True,5,10.12,52.08,37.9,75.0,4,17.5,83.12,175.8,82.43,38.04,0.79,2.5,34.58,10.12,52.08,37.9,38.04,30.08,39.3,31.07,1,1,1,1,1,0,0,0,0
744,Biofuels & Ethanol,Energy - Clean,True,6,22.68,23.21,50.92,100.0,4,11.16,28.24,65.34,70.39,30.0,0.87,5.0,12.05,22.68,23.21,50.92,30.0,25.98,32.5,28.15,2,2,2,2,2,0,0,0,0
952,Media - Publishing,Media & Entertainment,True,5,-3.45,31.14,37.19,100.0,4,20.88,31.3,76.19,61.18,24.0,0.79,5.0,10.26,-3.45,31.14,37.19,24.0,18.98,26.5,20.95,3,4,3,3,3,-1,0,0,0
686,Cybersecurity - Network,Technology - Software,True,6,6.88,32.95,15.29,50.0,6,5.88,70.93,175.8,78.52,22.02,0.87,0.0,27.07,6.63,20.74,9.46,14.39,19.07,22.02,12.47,4,3,6,4,9,1,-2,0,-5
911,Chemicals - Plastics,Materials & Chemicals,True,5,1.94,4.88,58.98,60.0,5,7.14,12.59,21.45,39.26,17.67,0.79,1.0,-2.26,2.47,4.37,57.6,17.2,13.97,18.17,13.99,5,6,4,5,8,-1,1,0,-3
811,Biotech - Oncology,Healthcare - Biotech,True,10,-0.08,9.87,48.89,55.56,9,1.43,32.3,86.15,47.36,17.14,1.0,0.56,8.44,-0.45,5.52,27.11,9.43,17.14,17.42,9.7,6,5,25,6,23,1,-19,0,-17
762,Aluminum,Metals & Mining,True,4,4.68,0.93,54.59,66.67,3,6.41,9.85,6.82,44.13,15.28,0.71,1.67,-5.48,4.68,0.93,54.59,15.28,10.81,16.11,11.39,7,14,5,8,15,-7,2,-1,-8
723,Oil - E&P,Energy - Oil & Gas,True,12,4.49,13.38,24.26,100.0,9,16.37,7.19,21.95,18.22,13.88,1.0,5.0,-2.99,4.46,13.41,24.72,14.0,13.88,16.38,16.5,8,7,7,7,4,1,1,1,4
708,Space - Earth Observation,Space & Aerospace,True,4,4.91,0.73,48.62,66.67,3,0.64,5.14,5.91,54.12,13.75,0.71,1.67,0.09,4.91,0.73,48.62,13.75,9.72,14.58,10.31,9,19,8,13,20,-10,1,-4,-11
846,Telehealth,Healthcare - Specialty,True,5,13.54,20.35,0.67,80.0,5,33.89,20.15,34.5,28.15,13.73,0.79,3.0,-13.54,10.42,21.93,0.09,13.59,10.85,15.23,11.93,10,13,11,11,13,-3,-1,-1,-3
726,Oil - Offshore Drillers,Energy - Oil & Gas,True,7,-1.43,6.65,42.95,80.0,5,8.29,5.2,11.41,31.93,13.7,0.94,3.0,-1.64,-1.27,7.02,41.74,13.62,12.82,15.2,14.15,11,9,10,12,7,2,1,-1,4
725,Oil - Refiners,Energy - Oil & Gas,True,9,0.96,15.01,22.31,100.0,8,14.7,4.52,20.46,17.04,13.32,1.0,5.0,0.31,0.86,15.23,23.51,13.71,13.32,15.82,16.21,12,8,9,9,5,4,3,3,7
898,Shipping - Container,Industrials - Transport,True,3,-3.49,12.53,30.03,66.67,3,10.22,18.71,32.28,68.07,12.9,0.61,1.67,2.31,-3.49,12.53,30.03,12.9,7.9,13.73,8.41,13,31,12,15,28,-18,1,-2,-15
722,Oil - Large Cap,Energy - Oil & Gas,True,8,2.8,12.08,24.02,100.0,6,12.02,7.19,19.93,27.49,12.75,1.0,5.0,0.07,2.93,12.08,23.56,12.66,12.75,15.25,15.16,14,10,13,10,6,4,1,4,8
842,Behavioral Health,Healthcare - Specialty,True,4,-4.32,21.52,11.21,33.33,3,0.0,48.53,77.09,86.01,12.48,0.71,-1.67,21.52,-4.32,21.52,11.21,12.48,8.83,11.65,8.24,15,24,14,21,30,-9,1,-6,-15
674,AI - Edge Computing,Artificial Intelligence,True,7,1.2,6.5,34.46,60.0,5,11.19,12.16,17.35,30.2,12.17,0.94,1.0,-4.69,0.84,7.03,32.18,11.77,11.38,12.67,11.48,16,12,15,20,14,4,1,-4,2
676,Semis - Equipment,Semiconductors,True,13,-2.93,1.7,46.07,46.15,13,-2.59,11.14,31.43,31.74,11.64,1.0,-0.38,4.29,-2.67,0.27,43.22,10.27,11.64,11.44,10.08,17,11,20,22,22,6,-3,-5,-5
727,Oil - Offshore Services,Energy - Oil & Gas,True,6,-2.63,8.14,32.66,100.0,5,7.35,3.11,13.16,32.34,11.58,0.87,5.0,0.79,-2.28,7.9,32.53,11.52,10.02,14.08,12.14,18,17,16,14,11,1,2,4,7
675,Semis - Memory,Semiconductors,True,7,0.55,2.53,39.54,28.57,7,-6.01,24.0,53.86,49.7,11.29,0.94,-2.14,8.54,0.67,-0.78,40.68,9.95,10.56,10.22,8.3,19,15,22,28,29,4,-3,-9,-10
682,Semis - Packaging & Test,Semiconductors,True,5,-2.02,4.71,37.3,20.0,5,-3.23,28.11,53.86,64.0,11.18,0.79,-3.0,7.94,-2.03,0.86,36.92,9.15,8.84,9.68,6.05,20,23,26,29,43,-3,-6,-9,-23
978,Psychedelics,Specialty Themes,True,6,2.38,16.08,9.29,100.0,5,6.0,20.43,50.27,62.52,10.96,0.87,5.0,10.08,2.31,13.79,8.32,9.55,9.49,13.46,10.44,21,20,23,16,18,1,-2,5,3
732,Oil - Canada,Energy - Oil & Gas,True,7,1.12,8.77,24.81,100.0,7,5.95,5.92,20.65,33.64,10.87,0.94,5.0,2.82,0.92,8.13,24.33,10.38,10.16,13.37,12.05,22,16,19,17,12,6,3,5,10
910,Chemicals - Agricultural,Materials & Chemicals,True,6,5.09,5.32,27.05,50.0,6,2.71,13.0,26.53,43.4,10.69,0.87,0.0,2.61,5.68,4.34,26.2,10.14,9.26,10.69,8.78,23,21,21,25,25,2,2,-2,-2
731,Oil - Permian Basin,Energy - Oil & Gas,True,7,0.98,10.52,20.5,100.0,4,9.67,6.06,17.95,42.66,10.63,0.94,5.0,0.85,0.98,10.52,20.5,10.63,9.94,13.13,12.28,24,18,17,18,10,6,7,6,14
721,Oil - Supermajors,Energy - Oil & Gas,True,5,4.53,6.48,23.97,100.0,5,5.97,4.5,12.34,38.07,10.37,0.79,5.0,0.51,4.58,6.58,24.15,10.48,8.19,12.87,10.26,25,28,18,19,21,-3,7,6,4
756,Gold - Royalty,Metals & Mining,True,7,-1.47,3.75,30.95,83.33,6,3.77,3.16,7.14,28.63,9.25,0.94,3.33,-0.02,-1.51,4.01,31.33,9.46,8.65,10.91,10.41,26,25,24,24,19,1,2,2,7
948,Telecom - Equipment,Telecom,True,5,0.43,5.98,23.46,80.0,5,10.03,10.6,17.35,34.77,8.96,0.79,3.0,-4.05,-0.25,6.39,21.87,8.6,7.09,10.46,7.99,27,34,29,27,32,-7,-2,0,-5
969,Agriculture - Diversified,Commodities & Agriculture,True,10,2.99,3.31,26.22,60.0,10,2.43,10.67,26.53,33.15,8.96,1.0,1.0,0.88,2.8,2.23,25.03,8.07,8.96,9.46,8.57,28,22,33,30,27,6,-5,-2,1
859,Retail - Office,Consumer - Retail,True,2,-0.66,-0.98,37.8,50.0,2,-0.98,2.15,0.54,82.24,8.79,0.5,0.0,0.0,-0.66,-0.98,37.8,8.79,4.4,8.79,4.4,29,54,27,31,56,-25,2,-2,-27
730,Pipelines & Midstream,Energy - Oil & Gas,True,11,-0.63,8.18,18.42,100.0,9,6.89,4.31,17.12,23.25,8.54,1.0,5.0,1.29,-0.64,7.77,18.2,8.27,8.54,11.04,10.77,30,26,30,23,16,4,0,7,14
724,Oil - Services,Energy - Oil & Gas,True,11,1.19,2.14,28.48,54.55,11,0.84,9.35,18.91,25.05,8.49,1.0,0.45,1.3,1.1,2.63,28.42,8.7,8.49,8.71,8.92,31,27,28,32,24,4,3,-1,7
728,Natural Gas - Producers,Energy - Oil & Gas,True,8,1.77,10.67,8.91,100.0,5,13.72,6.51,16.43,30.81,8.0,1.0,5.0,-3.05,2.08,10.77,8.88,8.12,8.0,10.5,10.62,32,29,32,26,17,3,0,6,15
757,Silver Miners,Metals & Mining,True,11,-6.13,-1.2,40.51,55.56,9,2.9,13.62,16.63,30.93,7.99,1.0,0.56,-4.1,-6.35,-0.29,38.1,7.79,7.99,8.27,8.07,33,30,34,34,31,3,-1,-1,2
753,Gold - Majors,Metals & Mining,True,7,-3.55,-1.85,38.47,42.86,7,-1.21,9.71,7.01,44.75,7.8,0.94,-0.71,-0.64,-3.36,-0.45,37.0,8.19,7.3,7.45,7.32,34,33,31,39,35,1,3,-5,-1
824,Pharma - Vaccines,Healthcare - Pharma,True,8,-2.02,3.24,25.15,50.0,8,-0.15,17.14,33.42,35.29,7.4,1.0,0.0,3.39,-1.94,3.19,21.81,6.56,7.4,7.4,6.56,35,32,37,40,39,3,-2,-5,-4
714,Defense - Electronics,Defense,True,7,-3.54,5.11,20.82,83.33,6,2.92,10.53,19.32,38.12,6.88,0.94,3.33,2.19,-3.3,5.63,22.22,7.54,6.43,8.54,8.61,36,36,35,33,26,0,1,3,10
716,Defense - Drones & UAV,Defense,True,6,-0.76,-0.66,29.54,66.67,6,3.4,14.61,17.87,37.59,6.86,0.87,1.67,-4.06,-1.13,-0.5,28.38,6.56,5.94,7.7,6.41,37,37,36,37,41,0,1,0,-4
908,Chemicals - Diversified,Materials & Chemicals,True,10,-1.4,-1.79,30.79,30.0,10,-4.36,11.8,21.45,22.14,6.45,1.0,-2.0,2.57,-1.55,-2.42,31.74,6.34,6.45,5.45,5.34,38,35,38,53,49,3,0,-15,-11
720,Defense - Small Cap,Defense,True,6,-2.75,1.96,23.98,66.67,6,4.44,16.89,19.32,30.22,6.29,0.87,1.67,-2.47,-3.5,3.03,21.57,6.03,5.45,7.12,5.94,39,39,39,43,44,0,0,-4,-5
965,Taiwan,International,True,5,2.18,0.2,21.4,20.0,5,-1.13,8.46,14.23,51.82,5.99,0.79,-3.0,1.33,0.82,-0.57,22.29,5.49,4.74,4.49,3.16,40,46,43,66,69,-6,-3,-26,-29
845,Men's Health,Healthcare - Specialty,True,3,21.34,11.08,-19.62,66.67,3,1.81,19.87,33.89,88.81,5.97,0.61,1.67,9.27,21.34,11.08,-19.62,5.97,3.66,6.8,4.17,41,66,40,45,58,-25,1,-4,-17
939,5G Infrastructure,Emerging Tech,True,9,1.58,2.91,15.79,57.14,7,1.33,9.79,17.35,30.59,5.79,1.0,0.71,1.58,0.79,2.73,15.01,5.32,5.79,6.15,5.67,42,38,46,49,45,4,-4,-7,-3
755,Gold - Juniors,Metals & Mining,True,6,-4.65,-6.1,39.9,25.0,4,-6.28,7.07,2.44,48.79,5.76,0.87,-2.5,0.18,-4.65,-6.1,39.9,5.76,4.99,4.51,3.91,43,43,41,64,63,0,2,-21,-20
796,REITs - Data Centers,Financials - REITs,True,8,-1.04,5.78,10.87,100.0,6,5.08,3.98,13.49,38.93,5.34,1.0,5.0,0.69,-1.54,5.21,10.81,4.92,5.34,7.84,7.42,44,40,51,35,34,4,-7,9,10
886,Agricultural Equipment,Industrials - Machinery,True,6,-5.38,2.12,22.4,40.0,5,-3.85,14.84,27.8,58.09,5.32,0.87,-1.0,5.97,-5.78,0.25,21.36,4.02,4.6,4.82,3.05,45,50,63,61,70,-5,-18,-16,-25
840,Senior Living & Care,Healthcare - Specialty,True,7,0.33,5.59,9.5,100.0,7,5.59,3.37,10.49,26.83,5.25,0.94,5.0,-0.0,0.32,5.69,9.56,5.32,4.91,7.75,7.31,46,45,47,36,36,1,-1,10,10
745,Utilities - Electric,Utilities,True,11,-1.96,5.57,11.64,90.91,11,5.98,3.83,12.13,19.66,5.2,1.0,4.09,-0.41,-1.96,5.46,10.56,4.88,5.2,7.25,6.92,47,41,52,42,37,6,-5,5,10
718,Defense - Naval,Defense,True,5,-2.99,0.92,21.52,60.0,5,1.75,3.04,5.04,39.13,5.09,0.79,1.0,-0.83,-2.91,0.72,21.43,4.99,4.02,5.59,4.34,48,57,49,51,57,-9,-1,-3,-9
751,Utilities - Regulated,Utilities,True,8,-2.47,6.04,10.58,100.0,8,6.4,2.32,8.5,17.58,5.05,1.0,5.0,-0.36,-2.45,6.24,10.58,5.15,5.05,7.55,7.65,49,42,48,38,33,7,1,11,16
711,Aerospace - Suppliers,Space & Aerospace,True,9,-3.05,1.49,19.87,44.44,9,-1.66,6.4,11.82,26.41,4.95,1.0,-0.56,3.15,-3.68,1.63,19.72,4.83,4.95,4.67,4.55,50,44,54,62,53,6,-4,-12,-3
943,Telecom - Wireless,Telecom,True,3,-3.38,5.31,12.15,100.0,3,7.78,4.45,7.98,50.06,4.85,0.61,5.0,-2.47,-3.38,5.31,12.15,4.85,2.97,7.35,4.5,51,72,53,41,54,-21,-2,10,-3
729,Natural Gas - LNG,Energy - Oil & Gas,True,7,-0.92,6.48,6.94,83.33,6,8.69,10.07,16.08,25.0,4.75,0.94,3.33,-2.2,-0.94,7.72,7.41,5.48,4.44,6.41,6.68,52,53,44,47,38,-1,8,5,14
709,Space - Communications,Space & Aerospace,True,5,-5.96,3.81,17.24,60.0,5,0.24,13.53,20.04,39.54,4.73,0.79,1.0,3.57,-5.51,4.29,18.72,5.45,3.74,5.23,4.7,53,64,45,57,51,-11,8,-4,2
959,China EV,International,True,5,8.04,4.92,0.89,60.0,5,3.23,5.69,11.86,46.47,4.69,0.79,1.0,1.69,7.58,4.79,0.9,4.51,3.71,5.19,3.96,54,65,56,58,61,-11,-2,-4,-7
812,Biotech - Gene Therapy,Healthcare - Biotech,True,9,9.8,1.81,5.36,55.56,9,0.46,20.54,46.96,44.74,4.69,1.0,0.56,1.35,4.19,0.5,1.28,1.62,4.69,4.97,1.9,55,47,92,59,87,8,-37,-4,-32
713,Defense - Prime Contractors,Defense,True,8,-3.44,0.21,21.6,62.5,8,1.84,5.9,5.64,35.93,4.65,1.0,1.25,-1.63,-3.46,1.06,21.1,4.94,4.65,5.27,5.56,56,48,50,54,46,8,6,2,10
985,Meme Stocks,Specialty Themes,True,9,19.73,5.3,-11.78,42.86,7,-0.73,23.51,56.25,63.03,4.64,1.0,-0.71,6.03,7.21,1.93,-16.42,-1.34,4.64,4.28,-1.69,57,49,148,68,143,8,-91,-11,-86
748,Utilities - Multi,Utilities,True,6,-1.86,5.07,10.06,83.33,6,6.4,3.49,8.39,27.13,4.59,0.87,3.33,-1.33,-1.83,5.18,10.05,4.65,3.97,6.25,5.47,58,58,55,48,47,0,3,10,11
754,Gold - Mid Tier,Metals & Mining,True,10,-5.27,-1.62,26.8,40.0,10,-1.81,8.77,12.7,36.49,4.57,1.0,-1.0,0.18,-4.36,-1.01,28.75,5.59,4.57,4.07,5.09,59,51,42,71,50,8,17,-12,9
808,Biotech - Large,Healthcare - Biotech,True,9,-2.25,1.84,16.64,50.0,8,-0.3,14.35,33.42,53.51,4.52,1.0,0.0,2.14,-1.68,0.54,11.32,2.68,4.52,4.52,2.68,60,52,80,63,76,8,-20,-3,-16
904,Environmental Services,Industrials - Services,True,6,-2.53,3.55,13.16,66.67,3,2.6,4.24,8.19,75.0,4.43,0.87,1.67,0.95,-2.53,3.55,13.16,4.43,3.84,5.27,4.56,61,61,57,55,52,0,4,6,9
746,Utilities - Gas,Utilities,True,7,-2.29,4.9,9.83,100.0,7,4.84,1.63,7.49,21.83,4.33,0.94,5.0,0.06,-2.31,4.93,9.41,4.24,4.05,6.83,6.3,62,55,60,44,42,7,2,18,20
766,Diversified Mining,Metals & Mining,True,6,-4.43,-3.22,28.17,33.33,6,-4.09,5.01,3.11,28.62,4.33,0.87,-1.67,0.88,-4.64,-3.22,27.89,4.2,3.75,3.49,2.92,63,63,62,75,73,0,1,-12,-10
882,Toys & Games,Consumer - Leisure,True,4,-1.62,0.79,17.14,50.0,4,5.03,19.44,18.29,42.95,4.27,0.71,0.0,-4.24,-1.62,0.79,17.14,4.27,3.02,4.27,3.02,64,70,59,69,71,-6,5,-5,-7
807,REITs - Net Lease,Financials - REITs,True,7,-1.78,3.95,10.81,100.0,5,4.99,2.16,6.04,30.6,4.23,0.94,5.0,-1.04,-1.66,4.02,11.02,4.35,3.96,6.73,6.41,65,59,58,46,40,6,7,19,25
706,Space - Satellites,Space & Aerospace,True,8,-4.65,-3.86,28.52,25.0,8,-6.31,10.95,20.04,28.04,4.03,1.0,-2.5,2.44,-4.09,-5.45,27.83,3.21,4.03,2.78,1.96,66,56,70,83,86,10,-4,-17,-20
717,Defense - Missiles,Defense,True,5,-2.36,-2.02,22.42,60.0,5,1.75,8.61,5.64,35.79,4.01,0.79,1.0,-3.77,-2.16,-1.87,22.78,4.22,3.17,4.51,3.73,67,68,61,65,64,-1,6,2,3
683,Cybersecurity,Technology - Software,True,13,5.47,9.55,-8.95,30.77,13,-5.95,51.68,175.8,57.69,3.91,1.0,-1.92,15.5,5.06,-0.85,-16.21,-3.21,3.91,2.95,-4.17,68,60,182,81,184,8,-114,-13,-116
669,AI - Infrastructure,Artificial Intelligence,True,10,1.03,3.27,7.58,40.0,10,-3.84,16.41,32.8,24.53,3.79,1.0,-1.0,7.11,0.87,2.85,6.61,3.29,3.79,3.29,2.79,69,62,69,80,74,7,0,-11,-5
841,Home Health,Healthcare - Specialty,True,5,-0.31,4.26,6.6,75.0,4,3.59,4.61,10.49,57.29,3.7,0.79,2.5,0.67,-0.31,4.26,6.6,3.7,2.93,4.95,3.91,70,74,64,60,62,-4,6,10,8
887,Mining Equipment,Industrials - Machinery,True,4,-5.08,-1.51,22.72,50.0,2,-1.51,4.45,1.64,73.93,3.66,0.71,0.0,0.0,-5.08,-1.51,22.72,3.66,2.59,3.66,2.59,71,77,65,73,79,-6,6,-2,-8
813,Biotech - mRNA,Healthcare - Biotech,True,5,-1.97,0.5,15.59,20.0,5,-2.64,19.56,33.42,51.93,3.66,0.79,-3.0,3.14,-1.97,-1.61,8.23,0.76,2.89,2.16,-0.59,72,75,109,93,127,-3,-37,-21,-55
801,REITs - Healthcare,Financials - REITs,True,10,-0.13,4.06,6.07,88.89,9,3.94,3.0,8.17,21.42,3.52,1.0,3.89,0.12,-0.11,4.03,5.97,3.48,3.52,5.46,5.43,73,67,66,52,48,6,7,21,25
866,Beverages - Soft Drinks,Consumer - Food & Beverage,True,6,-1.21,3.34,8.52,16.67,6,-3.41,15.98,35.82,69.41,3.5,0.87,-3.33,6.75,-1.1,0.33,7.78,1.84,3.03,1.83,0.15,74,69,89,98,109,5,-15,-24,-35
817,Biotech - Antibody,Healthcare - Biotech,True,6,-2.11,1.51,12.68,50.0,6,-0.12,5.65,12.38,60.1,3.4,0.87,0.0,1.63,-2.18,0.85,13.08,3.15,2.94,3.4,2.73,75,73,72,77,75,2,3,-2,0
947,Telecom - Satellite,Telecom,True,4,-5.95,1.12,17.23,50.0,4,-0.98,13.99,20.04,55.53,3.38,0.71,0.0,2.09,-5.95,1.12,17.23,3.38,2.39,3.38,2.39,76,83,67,78,81,-7,9,-2,-5
864,Restaurants - Pizza,Consumer - Restaurants,True,3,7.12,3.46,-0.57,66.67,3,0.29,7.05,11.54,86.9,3.37,0.61,1.67,3.17,7.12,3.46,-0.57,3.37,2.06,4.2,2.57,77,89,68,70,80,-12,9,7,-3
815,Biotech - Immunology,Healthcare - Biotech,True,7,-1.65,0.89,12.57,75.0,4,1.15,1.27,1.98,39.6,3.17,0.94,2.5,-0.26,-1.65,0.89,12.57,3.17,2.97,4.42,4.14,78,71,71,67,60,7,7,11,18
945,Telecom - Infrastructure,Telecom,True,5,-1.4,4.06,5.85,100.0,4,4.36,1.56,5.39,33.17,3.14,0.79,5.0,-0.3,-1.4,4.06,5.85,3.14,2.49,5.64,4.46,79,80,73,50,55,-1,6,29,24
826,Pharma - Cardiovascular,Healthcare - Pharma,True,6,-1.6,0.45,13.27,66.67,6,0.7,1.43,1.98,25.65,3.14,0.87,1.67,-0.25,-1.83,0.44,13.35,3.1,2.72,3.97,3.41,80,76,74,72,66,4,6,8,14
917,Industrial Gases,Materials & Chemicals,True,3,-3.09,-0.46,16.34,33.33,3,-3.03,5.2,5.52,44.44,3.08,0.61,-1.67,2.57,-3.09,-0.46,16.34,3.08,1.89,2.25,1.38,81,91,75,91,96,-10,6,-10,-15
678,Semis - Foundry,Semiconductors,True,5,-1.17,-1.73,16.86,25.0,4,-1.86,2.72,1.3,47.27,3.06,0.79,-2.5,0.13,-1.17,-1.73,16.86,3.06,2.42,1.81,1.43,82,81,76,100,95,1,6,-18,-13
972,Water - Utilities,Commodities & Agriculture,True,5,-1.61,4.37,3.93,100.0,4,4.03,4.86,9.26,52.97,2.76,0.79,5.0,0.34,-1.61,4.37,3.93,2.76,2.19,5.26,4.16,83,85,78,56,59,-2,5,27,24
765,Zinc & Lead,Metals & Mining,True,3,-6.61,-9.47,35.71,0.0,3,-7.92,3.17,-7.38,46.16,2.54,0.61,-5.0,-1.55,-6.61,-9.47,35.71,2.54,1.55,0.04,0.02,84,97,82,117,111,-13,2,-33,-27
665,AI - Semiconductors,Artificial Intelligence,True,15,1.31,-0.04,8.93,33.33,15,-1.35,4.87,9.82,17.33,2.54,1.0,-1.67,1.31,0.67,-0.2,7.02,1.82,2.54,1.7,0.99,85,78,90,103,98,7,-5,-18,-13
759,Lithium,Metals & Mining,True,9,-3.36,0.87,11.7,50.0,6,0.34,7.0,9.4,29.87,2.52,1.0,0.0,0.54,-2.62,1.26,12.03,2.98,2.52,2.52,2.98,86,79,77,84,72,7,9,2,14
844,Women's Health,Healthcare - Specialty,True,5,14.94,6.12,-17.14,50.0,4,-1.4,18.74,33.89,76.41,2.51,0.79,0.0,7.51,14.94,6.12,-17.14,2.51,1.98,2.51,1.98,87,90,83,86,85,-3,4,1,2
679,Semis - Power,Semiconductors,True,6,-4.08,0.76,12.39,50.0,6,-1.41,12.04,22.23,41.85,2.46,0.87,0.0,2.17,-3.66,-0.64,14.37,2.36,2.13,2.46,2.04,88,87,85,87,84,1,3,1,4
707,Space - Defense,Space & Aerospace,True,8,-2.28,-3.7,19.34,37.5,8,-4.29,7.22,5.64,22.98,2.42,1.0,-1.25,0.59,-2.21,-3.61,20.25,2.7,2.42,1.79,2.08,89,82,79,101,83,7,10,-12,6
976,Grain & Oilseed,Commodities & Agriculture,True,4,1.97,-2.47,12.44,50.0,4,-1.7,8.1,5.17,43.08,2.37,0.71,0.0,-0.78,1.97,-2.47,12.44,2.37,1.67,2.37,1.67,90,95,84,88,91,-5,6,2,-1
996,Low Vol,Factor Themes,True,8,-2.46,-0.18,12.2,37.5,8,-0.28,3.84,7.78,37.08,2.35,1.0,-1.25,0.1,-2.23,-0.66,12.34,2.2,2.35,1.72,1.57,91,84,86,102,94,7,5,-11,-3
953,Advertising - Digital,Media & Entertainment,True,8,-0.1,6.8,-4.79,75.0,8,4.32,10.85,28.16,39.88,2.18,1.0,2.5,2.47,-0.43,5.61,-5.29,1.38,2.18,3.43,2.63,92,86,98,76,78,6,-6,16,14
783,Insurance - Reinsurance,Financials - Insurance,True,5,-1.76,1.75,6.84,50.0,4,0.2,4.17,7.9,78.92,2.15,0.79,0.0,1.55,-1.76,1.75,6.84,2.15,1.7,2.15,1.7,93,94,87,95,90,-1,6,-2,3
799,REITs - Retail,Financials - REITs,True,10,-3.06,0.99,9.37,66.67,9,2.11,5.14,6.48,23.83,2.08,1.0,1.67,-1.12,-3.21,1.47,10.98,2.68,2.08,2.91,3.51,94,88,81,82,65,6,13,12,29
989,Dividend Aristocrats,Specialty Themes,True,10,-1.67,-1.43,11.92,30.0,10,-0.59,3.83,5.03,31.19,1.85,1.0,-2.0,-0.84,-1.63,-1.35,12.15,1.95,1.85,0.85,0.95,95,92,88,106,100,3,7,-11,-5
820,Pharma - Big,Healthcare - Pharma,True,11,-2.39,-3.36,16.48,36.36,11,-1.22,7.02,2.82,41.05,1.84,1.0,-1.36,-2.14,-2.48,-2.31,8.88,0.45,1.84,1.16,-0.23,96,93,115,105,118,3,-19,-9,-22
827,Pharma - CNS & Pain,Healthcare - Pharma,True,7,-1.52,-0.21,8.95,57.14,7,0.92,7.63,12.38,36.34,1.75,0.94,0.71,-1.13,-1.76,-0.35,8.73,1.56,1.64,2.11,1.8,97,96,95,96,89,1,2,1,8
865,Restaurants - International,Consumer - Restaurants,True,5,-0.28,0.54,6.18,60.0,5,0.29,1.51,2.49,42.78,1.74,0.79,1.0,0.25,-0.46,0.56,5.76,1.6,1.38,2.24,1.66,98,101,93,92,92,-3,5,6,6
942,Smart Grid,Emerging Tech,True,5,-1.54,-1.13,10.71,40.0,5,-5.64,12.72,14.42,26.15,1.73,0.79,-1.0,4.51,-1.57,-1.39,10.76,1.6,1.37,1.23,0.87,99,102,94,104,101,-3,5,-5,-2
804,REITs - Specialty,Financials - REITs,True,7,-4.16,2.97,4.51,85.71,7,4.09,2.69,5.39,21.42,1.57,0.94,3.57,-1.12,-4.21,3.29,4.39,1.69,1.47,3.36,3.25,100,99,91,79,68,1,9,21,32
936,Drones & UAV,Emerging Tech,True,7,0.26,-1.45,8.79,28.57,7,-4.46,18.11,27.8,27.4,1.54,0.94,-2.14,3.01,0.01,-1.31,5.39,0.69,1.44,0.47,-0.35,101,100,111,110,121,1,-10,-9,-20
993,Growth - High,Factor Themes,True,9,5.09,5.57,-10.13,62.5,8,5.16,9.26,22.59,35.48,1.53,1.0,1.25,0.41,4.6,4.88,-10.22,1.04,1.53,2.15,1.66,102,98,107,94,93,4,-5,8,9
899,Shipping - Dry Bulk,Industrials - Transport,True,7,-5.69,0.86,9.75,71.43,7,0.33,2.73,5.36,37.83,1.44,0.94,2.14,0.53,-5.65,0.74,8.92,1.18,1.35,2.52,2.11,103,103,101,85,82,0,2,18,21
951,Media - Music,Media & Entertainment,True,6,-1.77,4.54,-2.01,60.0,5,6.73,14.76,23.99,38.09,1.33,0.87,1.0,-2.19,-2.2,3.82,-2.57,0.72,1.15,1.83,1.06,104,105,110,99,97,-1,-6,5,7
988,Buffett Portfolio,Specialty Themes,True,10,-1.01,0.28,5.43,40.0,10,-0.62,10.94,19.12,22.53,1.25,1.0,-1.0,0.9,-0.91,-0.23,5.74,1.09,1.25,0.75,0.59,105,104,105,108,103,1,0,-3,2
971,Agriculture - Equipment,Commodities & Agriculture,True,5,-6.29,-3.98,19.12,25.0,4,-4.25,4.22,1.43,47.15,1.22,0.79,-2.5,0.27,-6.29,-3.98,19.12,1.22,0.96,-0.03,-0.03,106,109,99,119,112,-3,7,-13,-6
885,Construction Equipment,Industrials - Machinery,True,6,-6.97,-4.53,20.86,33.33,6,-3.52,5.98,1.64,34.98,1.21,0.87,-1.67,-1.02,-6.91,-4.54,21.68,1.42,1.05,0.37,0.51,107,107,97,111,104,0,10,-4,3
970,Agriculture - Seeds,Commodities & Agriculture,True,4,-2.52,-3.21,13.5,25.0,4,-6.09,6.72,6.81,28.23,1.14,0.71,-2.5,2.88,-2.52,-3.21,13.5,1.14,0.81,-0.11,-0.08,108,112,102,124,115,-4,6,-16,-7
803,REITs - Storage,Financials - REITs,True,5,-5.67,0.64,8.84,75.0,4,1.18,3.1,3.81,39.08,1.11,0.79,2.5,-0.53,-5.67,0.64,8.84,1.11,0.88,2.36,1.87,109,110,104,89,88,-1,5,20,21
750,Data Center Power,Utilities,True,8,-3.95,3.51,1.31,75.0,8,6.3,7.27,10.49,18.14,1.1,1.0,2.5,-2.79,-3.75,3.86,1.73,1.42,1.1,2.35,2.67,110,106,96,90,77,4,14,20,33
818,Biotech - Cell Therapy,Healthcare - Biotech,True,7,-9.42,8.81,-3.85,100.0,4,6.49,9.52,21.81,61.87,1.09,0.94,5.0,2.32,-9.42,8.81,-3.85,1.09,1.02,3.59,3.36,111,108,106,74,67,3,5,37,44
697,Internet - Search & Ads,Technology - Internet,True,11,0.13,5.38,-7.59,72.73,11,1.17,9.61,28.16,35.43,0.83,1.0,2.27,4.21,0.15,4.16,-9.53,-0.27,0.83,1.96,0.87,112,111,126,97,102,1,-14,15,10
738,Wind,Energy - Clean,True,6,-0.6,-2.47,8.76,50.0,6,-1.28,5.51,2.66,43.54,0.81,0.87,0.0,-1.18,-0.5,-2.03,9.05,1.12,0.7,0.81,0.97,113,113,103,107,99,0,10,6,14
892,Railroads,Industrials - Transport,True,5,-5.27,0.06,7.88,40.0,5,-0.93,2.4,2.73,27.22,0.68,0.79,-1.0,0.99,-5.24,0.15,8.2,0.81,0.54,0.18,0.25,114,114,108,113,107,0,6,1,7
941,Wearables,Emerging Tech,True,5,-3.22,2.68,0.05,33.33,3,-1.52,10.46,14.59,69.02,0.55,0.79,-1.67,4.2,-3.22,2.68,0.05,0.55,0.43,-0.29,-0.23,115,117,113,126,117,-2,2,-11,-2
854,Retail - Drug,Consumer - Retail,True,3,-3.91,1.52,3.0,50.0,2,1.52,2.24,3.1,97.79,0.53,0.61,0.0,0.0,-3.91,1.52,3.0,0.53,0.32,0.53,0.32,116,119,114,109,105,-3,2,7,11
884,Heavy Equipment,Industrials - Machinery,True,9,-6.38,-4.8,18.02,25.0,8,-5.92,4.89,1.64,26.2,0.51,1.0,-2.5,1.12,-6.27,-4.57,18.13,0.68,0.51,-0.74,-0.57,117,115,112,131,126,2,5,-14,-9
825,Pharma - Diabetes,Healthcare - Pharma,True,8,-3.49,-2.99,11.47,25.0,8,-3.52,10.89,17.31,33.26,0.5,1.0,-2.5,0.53,-3.28,-3.18,3.42,-1.55,0.5,-0.75,-2.8,118,116,151,132,158,2,-33,-14,-40
890,HVAC & Building,Industrials - Machinery,True,6,-4.89,-3.04,12.89,16.67,6,-4.92,9.06,14.42,30.62,0.48,0.87,-3.33,1.88,-4.95,-4.46,12.52,-0.34,0.41,-1.19,-1.73,119,118,128,138,144,1,-9,-19,-25
710,Aerospace - Commercial,Space & Aerospace,True,7,-1.53,-0.28,3.13,42.86,7,-1.66,9.86,13.56,25.76,0.26,0.94,-0.71,1.38,-2.0,-0.37,3.7,0.24,0.24,-0.1,-0.11,120,120,116,123,116,0,4,-3,4
763,Nickel & Cobalt,Metals & Mining,True,4,-7.42,-6.06,20.17,33.33,3,-8.64,7.45,2.34,51.95,0.16,0.71,-1.67,2.58,-7.42,-6.06,20.17,0.16,0.11,-0.67,-0.48,121,122,117,129,125,-1,4,-8,-4
955,Media - Sports,Media & Entertainment,True,7,-1.24,0.56,0.67,50.0,6,-1.81,8.72,13.33,30.67,0.14,0.94,0.0,2.36,-1.28,0.28,-0.7,-0.36,0.13,0.14,-0.33,122,121,130,114,120,1,-8,8,2
764,Platinum & Palladium,Metals & Mining,True,3,-8.53,-7.71,24.49,33.33,3,-8.09,10.72,3.19,61.79,0.13,0.61,-1.67,0.38,-8.53,-7.71,24.49,0.13,0.08,-0.7,-0.43,123,124,118,130,123,-1,5,-7,0
810,Biotech - Small Cap,Healthcare - Biotech,True,9,-1.09,0.68,0.13,50.0,6,-2.45,10.89,21.81,52.3,0.1,1.0,0.0,3.13,-1.03,-1.03,1.3,-0.45,0.1,0.1,-0.45,124,123,131,116,124,1,-7,8,0
871,Snacks & Candy,Consumer - Food & Beverage,True,5,-4.46,-0.99,6.58,50.0,4,-1.86,7.79,8.62,35.75,0.04,0.79,0.0,0.88,-4.46,-0.99,6.58,0.04,0.03,0.04,0.03,125,125,120,118,110,0,5,7,15
802,REITs - Hotels,Financials - REITs,True,10,-4.83,-2.14,9.16,30.0,10,-2.27,2.96,1.93,21.51,0.01,1.0,-2.0,0.13,-4.41,-2.14,8.91,0.06,0.01,-0.99,-0.94,126,126,119,135,131,0,7,-9,-5
986,SPACs,Specialty Themes,True,4,,,,0.0,0,,,,,0.0,0.71,-5.0,,,,,0.0,0.0,-2.5,-1.77,127,127,121,156,145,0,6,-29,-18
1,Test Theme,Tech,True,1,,,,0.0,0,,,,,0.0,0.35,-5.0,,,,,0.0,0.0,-2.5,-0.88,128,128,122,157,130,0,6,-29,-2
961,Latin America,International,True,10,-0.61,-5.1,10.7,30.0,10,-8.98,13.09,24.36,20.84,-0.02,1.0,-2.0,3.89,-1.52,-6.52,7.87,-1.67,-0.02,-1.02,-2.67,129,129,154,136,157,0,-25,-7,-28
863,Restaurants - Coffee,Consumer - Restaurants,True,4,1.16,-3.38,5.22,50.0,2,-3.38,8.3,2.49,78.79,-0.09,0.71,0.0,0.0,1.16,-3.38,5.22,-0.09,-0.07,-0.09,-0.07,130,130,124,122,113,0,6,8,17
995,Momentum,Factor Themes,True,7,1.24,1.39,-4.62,28.57,7,-0.69,7.18,16.47,52.17,-0.15,0.94,-2.14,2.08,1.36,0.42,-4.65,-0.61,-0.14,-1.22,-1.58,131,131,135,139,139,0,-4,-8,-8
874,Gaming & Casinos,Consumer - Leisure,True,10,0.01,0.91,-2.47,20.0,10,-2.89,15.37,40.77,44.76,-0.16,1.0,-3.0,3.8,-1.06,-1.51,-3.15,-1.81,-0.16,-1.66,-3.31,132,132,156,145,170,0,-24,-13,-38
949,Media - Traditional,Media & Entertainment,True,9,-4.2,-0.04,3.61,55.56,9,2.16,8.22,13.94,23.46,-0.17,1.0,0.56,-2.2,-3.95,-0.28,4.04,-0.12,-0.17,0.11,0.16,133,133,125,115,108,0,8,18,25
742,Utilities - Renewable,Utilities,True,6,0.33,-4.62,7.84,40.0,5,-3.15,6.58,2.44,39.72,-0.27,0.87,-1.0,-1.47,0.24,-4.75,8.12,-0.29,-0.23,-0.77,-0.68,134,134,127,133,128,0,7,1,6
767,Coal,Metals & Mining,True,9,-1.74,-4.81,10.05,16.67,6,-8.28,8.77,12.61,23.32,-0.33,1.0,-3.33,3.48,-1.08,-6.21,9.9,-0.9,-0.33,-1.99,-2.56,135,135,139,148,154,0,-4,-13,-19
900,Waste Management,Industrials - Services,True,8,-3.05,-1.11,3.85,50.0,6,0.22,7.71,8.19,50.66,-0.36,1.0,0.0,-1.33,-2.91,-0.58,3.79,-0.07,-0.36,-0.36,-0.07,136,136,123,128,114,0,13,8,22
835,Healthcare IT,Healthcare - Devices & Services,True,9,5.71,7.08,-21.4,62.5,8,1.58,17.93,34.5,32.52,-0.38,1.0,1.25,5.51,1.35,7.31,-26.7,-2.68,-0.38,0.24,-2.06,137,137,172,112,151,0,-35,25,-14
873,Household Products,Consumer - Food & Beverage,True,10,-3.31,-2.77,7.32,30.0,10,-4.64,5.2,7.37,15.77,-0.38,1.0,-2.0,1.87,-3.15,-3.04,7.87,-0.34,-0.38,-1.38,-1.34,138,138,129,141,137,0,9,-3,1
823,GLP-1 & Obesity,Healthcare - Pharma,True,9,5.85,-1.46,-4.67,55.56,9,0.36,19.81,33.89,26.36,-0.44,1.0,0.56,-1.82,2.04,-2.08,-6.52,-2.16,-0.44,-0.16,-1.88,139,140,164,125,149,-1,-25,14,-10
847,Weight Loss & Obesity,Healthcare - Specialty,True,7,8.26,-0.47,-9.12,42.86,7,-4.29,21.83,33.89,29.18,-0.45,0.94,-0.71,3.82,4.73,-1.07,-9.16,-1.64,-0.42,-0.81,-1.87,140,139,153,134,148,1,-13,6,-8
956,Live Entertainment,Media & Entertainment,True,6,-2.1,-3.9,7.46,25.0,4,-5.38,11.99,12.12,42.54,-0.61,0.87,-2.5,1.49,-2.1,-3.9,7.46,-0.61,-0.53,-1.86,-1.61,141,141,134,146,140,0,7,-5,1
797,REITs - Industrial,Financials - REITs,True,8,-3.89,-1.42,3.78,25.0,8,-2.13,6.2,11.22,29.05,-0.74,1.0,-2.5,0.71,-3.89,-2.09,4.44,-0.91,-0.74,-1.99,-2.16,142,144,140,147,152,-2,2,-5,-10
838,Dental,Healthcare - Devices & Services,True,5,-3.5,-5.07,10.18,25.0,4,-5.78,4.17,0.48,43.27,-0.87,0.79,-2.5,0.71,-3.5,-5.07,10.18,-0.87,-0.68,-2.12,-1.67,143,142,136,149,142,1,7,-6,1
964,Korea,International,True,5,-4.62,-5.18,11.5,0.0,3,-6.17,2.57,-2.26,45.72,-0.87,0.79,-5.0,0.99,-4.62,-5.18,11.5,-0.87,-0.69,-3.37,-2.66,144,143,137,163,156,1,7,-19,-12
747,Utilities - Water,Utilities,True,7,-3.1,0.27,-0.92,66.67,6,0.19,7.99,9.26,38.16,-0.87,0.94,1.67,0.08,-3.37,0.95,-0.51,-0.5,-0.82,-0.04,0.32,145,146,132,120,106,-1,13,25,39
816,Biotech - Rare Disease,Healthcare - Biotech,True,7,0.84,-1.48,-1.45,66.67,6,0.31,6.43,4.57,40.94,-0.89,0.94,1.67,-1.8,0.93,-1.13,-3.05,-1.1,-0.84,-0.06,-0.24,146,147,144,121,119,-1,2,25,27
849,Retail - Discount,Consumer - Retail,True,9,-3.79,-4.15,8.19,12.5,8,-5.4,3.98,2.82,20.99,-0.98,1.0,-3.75,1.25,-3.69,-4.43,7.91,-1.16,-0.98,-2.85,-3.04,147,150,145,160,164,-3,2,-13,-17
858,Retail - Sporting Goods,Consumer - Retail,True,5,-2.18,-2.12,2.41,25.0,4,-2.06,2.52,0.7,51.21,-1.0,0.79,-2.5,-0.06,-2.18,-2.12,2.41,-1.0,-0.79,-2.25,-1.78,148,145,141,153,146,3,7,-5,2
740,Clean Energy - Fuel Cells,Energy - Clean,True,5,-7.62,0.83,1.65,50.0,4,0.84,4.62,6.19,43.38,-1.08,0.79,0.0,-0.01,-7.62,0.83,1.65,-1.08,-0.85,-1.08,-0.85,149,148,143,137,129,1,6,12,20
834,Hospitals,Healthcare - Devices & Services,True,6,-3.78,0.09,-0.89,66.67,6,3.23,15.71,21.57,32.1,-1.13,0.87,1.67,-3.14,-3.72,-0.18,-1.12,-1.3,-0.97,-0.29,-0.4,150,149,147,127,122,1,3,23,28
789,Exchanges & Data,Financials - Other,True,11,-4.47,0.5,-1.26,45.45,11,-0.79,4.68,9.62,25.69,-1.18,1.0,-0.45,1.29,-4.23,0.59,-0.46,-0.88,-1.18,-1.41,-1.11,151,152,138,142,134,-1,13,9,17
992,Value - Deep,Factor Themes,True,9,-2.18,-4.77,6.43,44.44,9,-0.91,9.24,7.78,27.01,-1.32,1.0,-0.56,-3.86,-2.15,-4.59,6.69,-1.16,-1.32,-1.6,-1.44,152,154,146,144,138,-2,6,8,14
914,Packaging - Plastic & Metal,Materials & Chemicals,True,6,-4.94,-6.1,11.7,20.0,5,-4.9,5.08,0.33,43.55,-1.36,0.87,-3.0,-1.2,-4.87,-6.03,10.83,-1.53,-1.18,-2.86,-2.62,153,151,150,161,155,2,3,-8,-2
926,EV - Manufacturers,Autos & EV,True,11,5.57,-0.61,-10.34,37.5,8,-1.3,12.02,13.34,24.71,-1.5,1.0,-1.25,0.69,5.98,-0.44,-7.52,-0.61,-1.5,-2.12,-1.23,154,157,133,151,136,-3,21,3,18
869,Beverages - Energy,Consumer - Food & Beverage,True,5,-1.9,-3.84,3.34,0.0,4,-3.99,0.59,-3.02,28.34,-1.56,0.79,-5.0,0.15,-1.9,-3.84,3.34,-1.56,-1.23,-4.06,-3.21,155,153,152,173,169,2,3,-18,-14
809,Biotech - Mid Cap,Healthcare - Biotech,True,9,0.75,-0.75,-6.12,55.56,9,0.08,7.99,15.13,28.45,-1.72,1.0,0.56,-0.83,0.72,-1.3,-5.88,-1.94,-1.72,-1.44,-1.66,156,160,157,143,141,-4,-1,13,15
715,Defense - Cybersecurity,Defense,True,8,-2.01,-3.59,2.13,42.86,7,-5.16,8.38,6.08,30.24,-1.76,1.0,-0.71,1.57,-2.02,-3.21,0.56,-1.97,-1.76,-2.12,-2.33,157,163,159,150,153,-6,-2,7,4
758,Copper,Metals & Mining,True,8,-7.63,-11.04,22.45,0.0,7,-7.92,7.57,-3.25,34.34,-1.82,1.0,-5.0,-3.12,-7.65,-10.21,24.02,-1.02,-1.82,-4.32,-3.52,158,164,142,175,176,-6,16,-17,-18
705,Space - Launch,Space & Aerospace,True,7,-2.87,-11.78,19.15,0.0,5,-5.14,14.69,-4.37,64.57,-1.82,0.94,-5.0,-6.64,-2.23,-9.3,25.6,1.2,-1.7,-4.32,-1.22,159,159,100,176,135,0,59,-17,24
928,EV - Components,Autos & EV,True,7,-3.32,-7.07,10.09,28.57,7,-8.89,9.24,6.23,29.47,-1.84,0.94,-2.14,1.82,-3.25,-7.29,9.45,-2.1,-1.72,-2.92,-2.96,160,162,162,162,161,-2,-2,-2,-1
878,Hotels & Lodging,Consumer - Leisure,True,8,-4.29,-5.26,7.23,0.0,6,-5.3,2.42,-1.46,28.09,-1.9,1.0,-5.0,0.03,-4.41,-5.29,7.19,-1.95,-1.9,-4.4,-4.45,161,165,158,178,189,-4,3,-17,-28
954,Advertising - Traditional,Media & Entertainment,True,4,-2.51,-0.67,-4.15,33.33,3,-6.76,12.01,13.16,46.45,-2.0,0.71,-1.67,6.09,-2.51,-0.67,-4.15,-2.0,-1.41,-2.83,-2.0,162,155,160,159,150,7,2,3,12
983,Funeral & Death Care,Specialty Themes,True,4,-3.1,-3.8,2.56,0.0,3,-3.06,1.57,-2.74,49.12,-2.04,0.71,-5.0,-0.74,-3.1,-3.8,2.56,-2.04,-1.44,-4.54,-3.21,163,156,161,180,168,7,2,-17,-5
685,Cybersecurity - Endpoint,Technology - Software,True,5,3.62,0.36,-12.78,66.67,3,7.76,13.32,8.33,48.28,-2.11,0.79,1.67,-7.4,3.62,0.36,-12.78,-2.11,-1.67,-1.28,-1.01,164,158,163,140,132,6,1,24,32
875,Sports Betting,Consumer - Leisure,True,8,-0.78,2.44,-12.9,50.0,8,-2.14,20.36,40.77,34.11,-2.2,1.0,0.0,4.58,-0.97,0.86,-12.85,-3.03,-2.2,-2.2,-3.03,165,169,178,152,163,-4,-13,13,2
903,Engineering & Construction,Industrials - Services,True,10,-4.31,-6.59,8.35,20.0,10,-9.2,11.38,15.88,16.68,-2.29,1.0,-3.0,2.61,-4.3,-6.92,7.4,-2.68,-2.29,-3.79,-4.18,166,170,173,167,185,-4,-7,-1,-19
968,Emerging Markets,International,True,6,-0.16,-4.77,0.17,0.0,5,-3.79,3.34,-2.65,44.63,-2.38,0.87,-5.0,-0.98,-0.17,-4.25,1.66,-1.75,-2.06,-4.88,-3.68,167,168,155,186,178,-1,12,-19,-11
893,Trucking - LTL,Industrials - Transport,True,4,-13.08,-10.52,24.39,0.0,4,-10.85,6.47,-3.74,39.56,-2.43,0.71,-5.0,0.33,-13.08,-10.52,24.39,-2.43,-1.72,-4.93,-3.49,168,161,167,188,175,7,1,-20,-7
994,Quality,Factor Themes,True,9,-1.94,-3.12,-1.97,22.22,9,-4.82,3.71,3.46,20.49,-2.54,1.0,-2.78,1.7,-1.99,-3.08,-2.33,-2.62,-2.54,-3.93,-4.01,169,173,169,171,182,-4,0,-2,-13
962,Latin America - E-Commerce,International,True,5,2.42,-4.59,-3.42,25.0,4,-12.23,20.16,25.23,36.67,-2.54,0.79,-2.5,7.64,2.42,-4.59,-3.42,-2.54,-2.01,-3.79,-3.0,170,167,168,168,162,3,2,2,8
950,Media - Streaming,Media & Entertainment,True,7,-4.2,2.37,-11.42,57.14,7,2.21,16.62,23.99,24.9,-2.72,0.94,0.71,0.16,-3.56,2.49,-7.51,-1.53,-2.55,-2.37,-1.09,171,174,149,154,133,-3,22,17,38
938,IoT & Smart Home,Emerging Tech,True,7,-0.98,-0.95,-8.18,57.14,7,0.67,10.14,12.26,37.3,-2.77,0.94,0.71,-1.62,-0.97,-0.16,-7.84,-2.28,-2.59,-2.41,-1.8,172,175,165,155,147,-3,7,17,25
814,Biotech - CNS,Healthcare - Biotech,True,8,-1.6,-3.83,-2.19,33.33,6,-3.27,5.76,3.18,42.98,-2.86,1.0,-1.67,-0.56,-2.31,-3.57,0.18,-2.32,-2.86,-3.7,-3.15,173,178,166,166,167,-5,7,7,6
862,Restaurants - Casual Dining,Consumer - Restaurants,True,8,-1.82,-10.25,10.67,14.29,7,-8.29,7.51,0.64,26.54,-2.91,1.0,-3.57,-1.96,-1.87,-10.56,11.12,-2.96,-2.91,-4.7,-4.75,174,180,177,184,194,-6,-3,-10,-20
909,Chemicals - Specialty,Materials & Chemicals,True,9,-5.24,-8.05,9.39,11.11,9,-8.59,5.8,1.35,24.52,-2.99,1.0,-3.89,0.54,-5.44,-7.94,8.7,-3.16,-2.99,-4.93,-5.1,175,182,181,187,199,-7,-6,-12,-24
944,Telecom - Cable,Telecom,True,5,-4.3,-4.84,1.97,20.0,5,-5.65,14.9,16.31,45.29,-3.0,0.79,-3.0,0.81,-4.15,-4.81,2.62,-2.79,-2.37,-4.5,-3.39,176,171,174,179,171,5,2,-3,5
687,Cloud Computing,Technology - Software,True,11,4.58,-0.66,-15.34,54.55,11,0.43,12.27,22.59,26.32,-3.02,1.0,0.45,-1.09,4.4,-0.68,-15.36,-3.08,-3.02,-2.79,-2.85,177,183,179,158,159,-6,-2,19,18
779,Insurance - P&C,Financials - Insurance,True,10,-4.9,-3.28,-0.77,30.0,10,-1.53,6.09,2.83,32.49,-3.06,1.0,-2.0,-1.75,-4.61,-3.22,0.47,-2.64,-3.06,-4.06,-3.64,178,185,171,172,177,-7,7,6,1
749,Utilities - Independent Power,Utilities,True,5,-1.35,-4.91,-1.1,20.0,5,-4.55,6.07,4.05,35.45,-3.07,0.79,-3.0,-0.36,-1.11,-5.3,-2.05,-3.44,-2.42,-4.57,-3.91,179,172,186,182,180,7,-7,-3,-1
739,Clean Energy - Hydrogen,Energy - Clean,True,7,-7.13,-3.16,1.05,40.0,5,-0.92,9.78,6.19,57.26,-3.1,0.94,-1.0,-2.24,-6.85,-2.28,-1.5,-3.23,-2.9,-3.6,-3.49,180,179,183,165,174,1,-3,15,6
856,Retail - Electronics,Consumer - Retail,True,3,-1.91,-3.3,-4.11,0.0,2,-3.3,3.63,-0.73,88.92,-3.15,0.61,-5.0,0.0,-1.91,-3.3,-4.11,-3.15,-1.93,-5.65,-3.46,181,166,180,204,173,15,1,-23,8
781,Insurance - Specialty,Financials - Insurance,True,7,-4.69,-3.07,-2.23,28.57,7,-0.2,7.02,4.1,54.58,-3.26,0.94,-2.14,-2.87,-4.92,-2.58,-0.42,-2.62,-3.05,-4.34,-3.46,182,184,170,177,172,-2,12,5,10
831,Medical Devices - Surgical,Healthcare - Devices & Services,True,5,-4.9,-0.92,-6.76,40.0,5,-2.89,19.02,30.17,46.44,-3.38,0.79,-1.0,1.97,-4.83,-2.78,-7.47,-4.47,-2.67,-3.88,-3.93,183,176,202,170,181,7,-19,13,2
828,Medical Devices,Healthcare - Devices & Services,True,12,-3.76,-2.02,-5.81,33.33,12,-1.74,6.11,10.79,22.33,-3.4,1.0,-1.67,-0.28,-3.73,-2.29,-5.98,-3.57,-3.4,-4.24,-4.41,184,188,187,174,186,-4,-3,10,-2
891,Automation & Controls,Industrials - Machinery,True,5,-3.42,-8.17,6.06,0.0,4,-9.87,5.54,-0.17,39.08,-3.42,0.79,-5.0,1.7,-3.42,-8.17,6.06,-3.42,-2.71,-5.92,-4.68,185,177,185,208,193,8,0,-23,-8
927,EV - Charging,Autos & EV,True,8,1.82,-0.26,-15.11,20.0,5,-3.87,30.02,48.84,49.34,-3.45,1.0,-3.0,3.61,-1.86,-2.68,-20.89,-7.03,-3.45,-4.95,-8.53,186,190,248,189,259,-4,-62,-3,-73
704,Streaming & Media,Technology - Internet,True,12,-4.24,-0.41,-9.21,50.0,12,-0.54,15.66,23.99,16.5,-3.57,1.0,0.0,0.13,-3.86,-0.58,-6.79,-2.95,-3.57,-3.57,-2.95,187,192,176,164,160,-5,11,23,27
860,Restaurants - Fast Food,Consumer - Restaurants,True,9,0.56,-4.53,-5.79,44.44,9,-0.12,13.88,11.54,50.12,-3.57,1.0,-0.56,-4.41,-0.94,-2.75,-4.91,-2.84,-3.57,-3.85,-3.12,188,193,175,169,166,-5,13,19,22
677,Semis - Analog,Semiconductors,True,11,-4.13,-7.62,4.97,9.09,11,-9.19,5.96,4.29,17.24,-3.6,1.0,-4.09,1.57,-4.06,-7.82,3.54,-4.04,-3.6,-5.64,-6.08,189,194,195,203,218,-5,-6,-14,-29
888,Industrial Machinery,Industrials - Machinery,True,10,-3.78,-7.13,2.55,10.0,10,-6.54,5.48,0.15,25.03,-3.87,1.0,-4.0,-0.6,-3.85,-6.7,2.48,-3.69,-3.87,-5.87,-5.69,190,197,188,207,210,-7,2,-17,-20
889,Pumps & Valves,Industrials - Machinery,True,6,-5.12,-7.75,5.03,0.0,4,-6.58,3.58,-5.11,41.08,-3.9,0.87,-5.0,-1.17,-5.12,-7.75,5.03,-3.9,-3.37,-6.4,-5.54,191,187,192,211,205,4,-1,-20,-14
851,Retail - Specialty,Consumer - Retail,True,10,-7.05,-6.47,4.34,37.5,8,-5.26,12.64,9.44,33.05,-3.91,1.0,-1.25,-1.2,-6.67,-6.56,4.56,-3.81,-3.91,-4.54,-4.43,192,199,189,181,188,-7,3,11,4
921,Building Products,Real Estate - Non REIT,True,9,-3.04,-8.46,4.3,12.5,8,-8.05,10.98,10.83,29.88,-3.92,1.0,-3.75,-0.41,-3.38,-8.73,4.29,-4.14,-3.92,-5.79,-6.01,193,200,197,205,215,-7,-4,-12,-22
736,Solar - Residential,Energy - Clean,True,6,1.58,-10.68,3.95,20.0,5,-13.84,20.56,17.75,42.88,-3.96,0.87,-3.0,3.16,1.89,-10.59,3.95,-3.83,-3.43,-5.46,-4.62,194,189,190,199,192,5,4,-5,2
855,Retail - Auto Parts,Consumer - Retail,True,5,-0.98,-6.86,-1.71,40.0,5,-3.56,11.3,2.15,59.79,-4.1,0.79,-1.0,-3.3,-1.14,-5.62,-1.05,-3.36,-3.24,-4.6,-3.05,195,186,184,183,165,9,11,12,30
833,Healthcare Services,Healthcare - Devices & Services,True,9,-5.96,-1.49,-7.47,37.5,8,-2.9,9.83,15.11,23.23,-4.1,1.0,-1.25,1.41,-4.98,-2.1,-6.67,-3.96,-4.1,-4.73,-4.59,196,205,193,185,191,-9,3,11,5
957,China Tech,International,True,12,4.15,-5.89,-8.87,27.27,11,-6.69,10.67,11.86,16.44,-4.12,1.0,-2.27,0.8,3.73,-5.98,-8.5,-4.18,-4.12,-5.26,-5.32,197,206,199,195,201,-9,-2,2,-4
806,REITs - Timber,Financials - REITs,True,4,-5.95,-5.74,0.89,25.0,4,-7.14,7.17,4.19,41.05,-4.13,0.71,-2.5,1.4,-5.95,-5.74,0.89,-4.13,-2.92,-5.38,-3.81,198,181,196,197,179,17,2,1,19
867,Beverages - Alcohol,Consumer - Food & Beverage,True,7,-2.91,-9.21,4.73,14.29,7,-8.34,7.18,1.7,26.44,-4.15,0.94,-3.57,-0.87,-2.71,-9.72,5.53,-4.16,-3.88,-5.93,-5.56,199,198,198,209,206,1,1,-10,-7
680,Semis - RF & Wireless,Semiconductors,True,6,-2.96,-6.63,-0.55,0.0,6,-4.46,5.4,-1.81,40.04,-4.19,0.87,-5.0,-2.17,-2.58,-6.24,-3.12,-4.55,-3.63,-6.69,-6.1,200,195,204,215,219,5,-4,-15,-19
668,AI - Mega Cap,Artificial Intelligence,True,9,0.67,-3.03,-11.54,33.33,9,-2.11,5.74,4.17,40.57,-4.23,1.0,-1.67,-0.92,0.2,-2.26,-11.63,-3.99,-4.23,-5.07,-4.82,201,207,194,192,196,-6,7,9,5
805,REITs - Mortgage,Financials - REITs,True,7,-3.56,-3.69,-6.02,0.0,7,-2.87,3.11,-0.72,32.6,-4.24,0.94,-5.0,-0.82,-3.34,-3.49,-5.21,-3.88,-3.97,-6.74,-5.97,202,201,191,216,214,1,11,-14,-12
684,Cybersecurity - Identity,Technology - Software,True,6,8.89,-4.92,-16.1,33.33,3,-8.31,7.82,4.02,45.94,-4.26,0.87,-1.67,3.39,8.89,-4.92,-16.1,-4.26,-3.69,-5.1,-4.41,203,196,200,193,187,7,3,10,16
752,Utilities - Unregulated,Utilities,True,5,-4.81,-2.43,-8.37,40.0,5,-4.55,9.53,10.49,28.05,-4.51,0.79,-1.0,2.12,-4.88,-2.87,-8.13,-4.69,-3.57,-5.01,-4.1,204,191,206,191,183,13,-2,13,21
879,Travel & Leisure,Consumer - Leisure,True,8,0.5,-3.71,-11.56,37.5,8,-2.21,12.18,12.12,29.87,-4.62,1.0,-1.25,-1.5,0.46,-3.18,-11.99,-4.47,-4.62,-5.24,-5.1,205,214,203,194,198,-9,2,11,7
761,Steel,Metals & Mining,True,11,-5.22,-9.89,6.42,9.09,11,-11.02,16.67,35.91,19.89,-4.64,1.0,-4.09,1.13,-5.22,-13.48,7.26,-6.23,-4.64,-6.69,-8.28,206,216,230,214,256,-10,-24,-8,-50
821,Pharma - Specialty,Healthcare - Pharma,True,9,-0.43,-3.23,-11.92,37.5,8,-7.08,12.27,15.13,20.73,-4.7,1.0,-1.25,3.85,-1.11,-3.02,-10.21,-4.34,-4.7,-5.33,-4.97,207,217,201,196,197,-10,6,11,10
829,Medical Devices - Cardio,Healthcare - Devices & Services,True,6,-5.28,-2.81,-7.98,16.67,6,-4.19,7.75,10.79,32.44,-4.72,0.87,-3.33,1.38,-5.44,-3.24,-6.86,-4.69,-4.09,-6.39,-5.51,208,203,207,210,203,5,1,-2,5
702,Internet - Content,Technology - Internet,True,7,-4.27,-1.29,-12.14,28.57,7,-4.82,15.93,23.99,26.67,-4.75,0.94,-2.14,3.53,-4.4,-1.86,-11.19,-4.83,-4.44,-5.82,-5.52,209,210,209,206,204,-1,0,3,5
688,Cloud - Infrastructure,Technology - Software,True,7,1.28,-3.38,-14.19,40.0,5,-2.11,7.88,4.17,55.24,-4.92,0.94,-1.0,-1.27,0.98,-2.67,-14.05,-4.6,-4.6,-5.42,-4.77,210,213,205,198,195,-3,5,12,15
861,Restaurants - Fast Casual,Consumer - Restaurants,True,8,-7.6,-5.7,-1.01,37.5,8,-9.62,21.77,36.82,25.98,-5.0,1.0,-1.25,3.92,-7.6,-7.83,-3.08,-6.59,-5.0,-5.62,-7.21,211,223,239,202,238,-12,-28,9,-27
913,Packaging - Paper,Materials & Chemicals,True,6,-5.04,-8.61,2.06,40.0,5,-6.76,11.84,4.73,42.77,-5.05,0.87,-1.0,-1.85,-5.23,-8.63,3.48,-4.75,-4.37,-5.55,-4.55,212,208,208,201,190,4,4,11,22
733,Uranium & Nuclear,Energy - Clean,True,10,-3.62,-10.9,5.1,20.0,10,-9.78,12.23,8.22,23.43,-5.08,1.0,-3.0,-1.12,-3.46,-11.3,4.31,-5.44,-5.08,-6.58,-6.94,213,226,217,212,231,-13,-4,1,-18
830,Medical Devices - Ortho,Healthcare - Devices & Services,True,6,-4.87,-2.73,-10.15,20.0,5,-2.89,5.09,4.46,38.56,-5.12,0.87,-3.0,0.16,-4.61,-2.92,-10.04,-5.12,-4.44,-6.62,-5.73,214,209,210,213,211,5,4,1,3
777,Banks - Texas,Financials - Banks,True,5,-4.32,-10.15,4.08,0.0,3,-9.31,2.63,-8.05,43.01,-5.14,0.79,-5.0,-0.84,-4.32,-10.15,4.08,-5.14,-4.06,-7.64,-6.04,215,202,211,231,216,13,4,-16,-1
982,Education,Specialty Themes,True,8,-3.81,-4.15,-8.43,42.86,7,-1.3,11.03,9.8,38.67,-5.14,1.0,-0.71,-2.85,-3.73,-4.43,-8.33,-5.23,-5.14,-5.5,-5.59,216,227,213,200,207,-11,3,16,9
963,Japan,International,True,9,-1.58,-9.14,-1.32,12.5,8,-12.48,9.75,12.37,18.56,-5.29,1.0,-3.75,3.34,-2.86,-10.38,-1.3,-6.23,-5.29,-7.17,-8.11,217,231,231,221,252,-14,-14,-4,-35
693,Software - Vertical,Technology - Software,True,7,-1.78,-0.44,-18.66,57.14,7,0.7,13.6,25.79,42.01,-5.33,0.94,0.71,-1.14,-1.9,-2.08,-19.54,-6.4,-4.99,-4.98,-5.66,218,221,235,190,209,-3,-17,28,9
681,Semis - Automotive,Semiconductors,True,7,-6.24,-4.95,-5.26,14.29,7,-9.19,12.65,22.23,28.11,-5.35,0.94,-3.57,4.24,-6.17,-6.9,-4.8,-6.19,-5.0,-7.13,-7.46,219,224,229,220,244,-5,-10,-1,-25
778,Insurance - Life,Financials - Insurance,True,9,-3.82,-6.86,-3.93,11.11,9,-7.1,5.64,1.13,25.67,-5.37,1.0,-3.89,0.24,-3.89,-6.7,-3.49,-5.2,-5.37,-7.31,-7.14,220,234,212,226,236,-14,8,-6,-16
919,Homebuilders - Mid,Real Estate - Non REIT,True,7,-8.25,-7.12,0.05,14.29,7,-12.28,17.96,32.29,28.23,-5.61,0.94,-3.57,5.16,-8.73,-10.08,-2.93,-7.96,-5.25,-7.39,-9.11,221,229,259,228,267,-8,-38,-7,-46
870,Packaged Foods,Consumer - Food & Beverage,True,11,-5.63,-8.41,-0.06,18.18,11,-8.55,6.21,0.15,22.24,-5.63,1.0,-3.18,0.14,-5.88,-7.94,-0.19,-5.49,-5.63,-7.22,-7.08,222,235,219,222,234,-13,3,0,-12
876,Theme Parks,Consumer - Leisure,True,6,-4.75,-9.92,1.53,0.0,4,-9.73,6.42,-3.29,42.69,-5.76,0.87,-5.0,-0.19,-4.75,-9.92,1.53,-5.76,-4.99,-8.26,-7.16,223,222,223,243,237,1,0,-20,-14
793,Crypto & Bitcoin,Financials - Other,True,13,-4.32,-1.38,-16.22,30.77,13,-1.07,10.06,18.76,17.84,-5.82,1.0,-1.92,-0.31,-4.45,-1.66,-17.83,-6.4,-5.82,-6.78,-7.36,224,239,234,217,241,-15,-10,7,-17
916,Coatings & Paints,Materials & Chemicals,True,5,-6.02,-9.81,2.24,20.0,5,-13.81,11.94,10.83,26.07,-5.85,0.79,-3.0,4.0,-6.82,-11.41,1.8,-6.96,-4.62,-7.35,-6.69,225,215,246,227,227,10,-21,-2,-2
975,Livestock & Meat,Commodities & Agriculture,True,5,-7.76,-7.4,-1.26,0.0,5,-6.63,3.96,-2.74,36.26,-5.95,0.79,-5.0,-0.77,-7.48,-7.24,-0.51,-5.62,-4.71,-8.45,-6.42,226,218,220,244,222,8,6,-18,4
872,Meat & Poultry,Consumer - Food & Beverage,True,5,-7.76,-7.4,-1.26,0.0,5,-6.63,3.96,-2.74,36.26,-5.95,0.79,-5.0,-0.77,-7.48,-7.24,-0.51,-5.62,-4.71,-8.45,-6.42,227,219,221,245,223,8,6,-18,4
925,Auto - Luxury,Autos & EV,True,5,-3.29,-4.4,-12.08,25.0,4,-5.24,4.77,1.33,41.76,-6.04,0.79,-2.5,0.84,-3.29,-4.4,-12.08,-6.04,-4.78,-7.29,-5.76,228,220,227,225,212,8,1,3,16
800,REITs - Residential,Financials - REITs,True,10,-4.18,-7.73,-4.84,0.0,10,-5.12,7.68,-0.95,35.91,-6.12,1.0,-5.0,-2.6,-4.25,-6.55,-4.05,-5.35,-6.12,-8.62,-7.85,229,245,215,246,251,-16,14,-17,-22
966,Europe - Banks,International,True,9,-2.14,-11.78,1.05,0.0,8,-11.33,3.88,-5.24,18.02,-6.16,1.0,-5.0,-0.45,-2.09,-12.1,0.44,-6.46,-6.16,-8.66,-8.96,230,246,237,248,264,-16,-7,-18,-34
974,Timber & Forest,Commodities & Agriculture,True,6,-4.97,-9.81,-0.07,16.67,6,-10.36,8.76,4.19,32.51,-6.16,0.87,-3.33,0.56,-5.05,-10.04,0.15,-6.25,-5.34,-7.83,-6.85,231,232,233,232,230,-1,-2,-1,1
780,Insurance - Health,Financials - Insurance,True,7,-6.72,-3.31,-11.58,33.33,6,-7.76,10.63,15.11,26.52,-6.23,0.94,-1.67,4.45,-5.86,-4.27,-10.19,-6.15,-5.83,-7.06,-6.53,232,240,228,218,225,-8,4,14,7
979,Alcohol & Spirits,Specialty Themes,True,8,-2.86,-11.72,1.12,12.5,8,-9.97,9.74,1.7,30.19,-6.29,1.0,-3.75,-1.75,-2.65,-11.26,1.43,-5.94,-6.29,-8.17,-7.81,233,248,225,239,249,-15,8,-6,-16
958,China Finance,International,True,7,1.48,-8.89,-9.07,14.29,7,-8.88,7.64,0.36,32.54,-6.34,0.94,-3.57,-0.01,1.29,-8.77,-8.69,-6.23,-5.93,-8.13,-7.5,234,243,232,238,245,-9,2,-4,-11
901,Security Services,Industrials - Services,True,5,-6.04,-8.56,-2.45,0.0,5,-6.42,7.74,-1.09,41.08,-6.4,0.79,-5.0,-2.14,-5.85,-8.49,-2.81,-6.41,-5.06,-8.9,-7.04,235,225,236,249,233,10,-1,-14,2
782,Insurance - Brokers,Financials - Insurance,True,6,-5.52,-3.22,-14.06,16.67,6,-0.42,6.93,2.11,71.65,-6.5,0.87,-3.33,-2.8,-5.73,-2.3,-12.51,-5.71,-5.63,-8.17,-6.39,236,236,222,240,220,0,14,-4,16
737,Solar - Utility,Energy - Clean,True,5,-0.68,-12.58,-0.55,20.0,5,-9.85,16.79,2.44,60.41,-6.6,0.79,-3.0,-2.73,-0.57,-10.66,0.15,-5.43,-5.21,-8.1,-5.48,237,228,216,237,202,9,21,0,35
977,Cannabis,Specialty Themes,True,29,-1.56,-7.29,-10.38,25.0,28,-6.04,17.35,22.94,19.1,-6.63,1.0,-2.5,-1.24,-0.85,-5.93,-9.14,-5.46,-6.63,-7.88,-6.71,238,252,218,235,228,-14,20,3,10
935,3D Printing,Emerging Tech,True,9,0.99,-11.06,-5.41,33.33,6,-8.33,20.09,10.23,39.91,-6.63,1.0,-1.67,-2.72,1.12,-10.02,-5.04,-5.99,-6.63,-7.46,-6.82,239,253,226,229,229,-14,13,10,10
915,Paper & Forest Products,Materials & Chemicals,True,5,-5.2,-10.48,-0.53,20.0,5,-12.87,9.61,4.19,35.94,-6.67,0.79,-3.0,2.39,-5.33,-10.82,-0.32,-6.82,-5.28,-8.17,-6.58,240,230,244,241,226,10,-4,-1,14
920,Homebuilders - Entry Level,Real Estate - Non REIT,True,3,-8.12,-7.6,-3.42,0.0,3,-7.82,0.66,-6.86,35.64,-6.69,0.61,-5.0,0.22,-8.12,-7.6,-3.42,-6.69,-4.09,-9.19,-5.63,241,204,242,254,208,37,-1,-13,33
695,Internet - E-Commerce,Technology - Internet,True,13,-0.38,-6.09,-14.27,38.46,13,-4.37,11.53,10.1,18.72,-6.71,1.0,-1.15,-1.72,-0.94,-5.85,-15.11,-6.94,-6.71,-7.29,-7.51,242,254,245,224,246,-12,-3,18,-4
987,ARK Holdings,Specialty Themes,True,11,0.57,-1.94,-23.66,40.0,10,-3.52,14.76,18.76,22.69,-6.75,1.0,-1.0,1.58,-0.14,-1.77,-22.3,-6.49,-6.75,-7.25,-6.99,243,255,238,223,232,-12,5,20,11
907,Testing & Inspection,Industrials - Services,True,5,-7.56,-8.64,-2.23,0.0,3,-10.61,5.27,-2.67,48.77,-6.77,0.79,-5.0,1.97,-7.56,-8.64,-2.23,-6.77,-5.35,-9.27,-7.33,244,233,243,256,240,11,1,-12,4
853,Retail - Grocery,Consumer - Retail,True,6,-5.72,-8.04,-5.3,33.33,6,-5.37,18.51,14.43,47.43,-6.77,0.87,-1.67,-2.67,-4.26,-7.0,-2.69,-5.24,-5.87,-7.61,-5.26,245,241,214,230,200,4,31,15,45
775,Banks - Northeast,Financials - Banks,True,6,-4.75,-13.33,2.89,0.0,5,-13.57,0.65,-12.42,20.99,-7.13,0.87,-5.0,0.24,-4.62,-13.35,3.29,-7.01,-6.18,-9.63,-8.24,246,247,247,260,254,-1,-1,-14,-8
843,Vision Care,Healthcare - Specialty,True,5,-5.14,-8.57,-6.35,20.0,5,-7.0,11.49,1.82,59.01,-7.16,0.79,-3.0,-1.57,-5.11,-7.34,-6.68,-6.62,-5.66,-8.66,-6.42,247,237,240,247,221,10,7,0,26
973,Water - Technology,Commodities & Agriculture,True,5,-6.24,-10.79,-0.93,0.0,5,-6.82,8.96,-3.65,47.42,-7.18,0.79,-5.0,-3.97,-5.94,-9.88,-0.93,-6.66,-5.68,-9.68,-7.24,248,238,241,261,239,10,7,-13,9
932,Auto Parts,Autos & EV,True,9,-4.32,-13.63,2.74,12.5,8,-10.9,15.16,0.44,43.61,-7.21,1.0,-3.75,-2.73,-4.29,-10.88,2.81,-5.81,-7.21,-9.09,-7.68,249,260,224,252,248,-11,25,-3,1
698,Internet - Travel,Technology - Internet,True,8,-0.55,-6.02,-16.34,37.5,8,-4.1,11.45,9.96,30.31,-7.23,1.0,-1.25,-1.93,-0.6,-6.4,-17.12,-7.63,-7.23,-7.86,-8.26,250,261,257,233,255,-11,-7,17,-5
696,Internet - Social,Technology - Internet,True,8,-2.33,-2.51,-21.99,14.29,7,-3.77,8.67,16.18,32.39,-7.34,1.0,-3.57,1.26,-2.85,-3.78,-22.44,-8.21,-7.34,-9.12,-10.0,251,263,266,253,280,-12,-15,-2,-29
877,Cruise Lines,Consumer - Leisure,True,3,-3.55,-16.34,6.79,0.0,3,-17.67,5.3,-10.5,42.53,-7.36,0.61,-5.0,1.33,-3.55,-16.34,6.79,-7.36,-4.51,-9.86,-6.04,252,211,252,263,217,41,0,-11,35
769,Banks - Large,Financials - Banks,True,9,-3.61,-12.62,-0.78,0.0,9,-13.56,4.02,-6.17,16.11,-7.41,1.0,-5.0,0.94,-3.67,-12.66,0.65,-7.08,-7.41,-9.91,-9.58,253,264,249,264,273,-11,4,-11,-20
772,Banks - Community,Financials - Banks,True,8,-3.9,-11.62,-2.73,0.0,7,-11.7,2.51,-8.26,19.26,-7.47,1.0,-5.0,0.08,-4.09,-11.44,-2.49,-7.37,-7.47,-9.97,-9.87,254,265,253,265,279,-11,1,-11,-25
991,Insider Buying,Specialty Themes,True,5,-3.49,-10.06,-6.35,0.0,5,-10.74,6.24,-3.3,37.26,-7.49,0.79,-5.0,0.68,-3.52,-9.7,-5.9,-7.2,-5.92,-9.99,-7.67,255,242,250,267,247,13,5,-12,8
906,Facilities,Industrials - Services,True,5,-5.41,-10.82,-3.18,20.0,5,-12.61,9.77,2.47,38.14,-7.55,0.79,-3.0,1.79,-5.38,-10.93,-2.81,-7.51,-5.97,-9.05,-7.13,256,244,255,251,235,12,1,5,21
774,Banks - Southeast,Financials - Banks,True,6,-5.7,-11.65,-1.26,16.67,6,-14.58,6.74,1.87,21.48,-7.56,0.87,-3.33,2.93,-5.89,-12.72,-1.15,-8.12,-6.55,-9.23,-8.48,257,250,264,255,258,7,-7,2,-1
689,Cloud - DevOps,Technology - Software,True,7,0.57,-5.28,-20.29,60.0,5,0.43,16.03,11.82,48.92,-7.57,0.94,1.0,-5.71,0.69,-4.73,-20.95,-7.43,-7.08,-7.07,-6.48,258,258,254,219,224,0,4,39,34
894,Trucking - TL,Industrials - Transport,True,6,-12.27,-11.78,5.5,0.0,6,-12.48,4.76,-5.89,23.73,-7.58,0.87,-5.0,0.7,-12.25,-11.82,5.72,-7.54,-6.57,-10.08,-8.69,259,251,256,268,260,8,3,-9,-1
902,Staffing,Industrials - Services,True,8,-2.26,-11.67,-5.52,25.0,8,-13.21,12.0,7.29,23.1,-7.78,1.0,-2.5,1.54,-2.28,-12.06,-6.19,-8.15,-7.78,-9.03,-9.4,260,269,265,250,271,-9,-5,10,-11
760,Rare Earths,Metals & Mining,True,15,-1.35,-12.02,-5.88,6.67,15,-13.29,13.5,27.7,12.72,-7.82,1.0,-4.33,1.27,-1.58,-13.49,-7.96,-9.13,-7.82,-9.99,-11.3,261,271,282,266,298,-10,-21,-5,-37
666,AI - Software,Artificial Intelligence,True,15,4.03,-4.03,-27.47,50.0,14,-1.39,21.11,36.55,17.29,-7.87,1.0,0.0,-2.63,3.84,-4.45,-28.66,-8.43,-7.87,-7.87,-8.43,262,272,267,234,257,-10,-5,28,5
773,Banks - Midwest,Financials - Banks,True,6,-4.89,-13.27,-0.16,0.0,6,-13.38,3.13,-8.05,22.2,-7.9,0.87,-5.0,0.1,-4.87,-13.39,-0.46,-8.03,-6.84,-10.4,-9.12,263,256,261,273,268,7,2,-10,-5
667,AI - Data Centers,Artificial Intelligence,True,16,-0.02,-11.39,-8.95,12.5,16,-8.82,14.29,10.83,24.74,-7.94,1.0,-3.75,-2.58,-0.5,-10.51,-7.73,-7.31,-7.94,-9.81,-9.19,264,273,251,262,270,-9,13,2,-6
712,Aircraft Leasing,Space & Aerospace,True,5,-3.07,-10.74,-7.82,25.0,4,-5.68,14.81,0.2,73.35,-8.09,0.79,-2.5,-5.07,-3.07,-10.74,-7.82,-8.09,-6.4,-9.34,-7.39,265,249,263,257,242,16,2,8,23
933,Auto Dealers,Autos & EV,True,7,-5.07,-9.58,-8.98,0.0,7,-9.55,5.9,-0.19,30.27,-8.31,0.94,-5.0,-0.03,-4.85,-9.39,-10.57,-8.55,-7.77,-10.81,-10.34,266,268,270,276,284,-2,-4,-10,-18
795,Specialty Finance,Financials - Other,True,8,-3.61,-7.41,-14.83,12.5,8,-12.86,15.24,27.98,24.28,-8.31,1.0,-3.75,5.45,-3.63,-9.55,-15.3,-9.51,-8.31,-10.19,-11.38,267,277,286,270,301,-10,-19,-3,-34
924,Auto - Traditional OEM,Autos & EV,True,6,-5.0,-9.55,-9.72,0.0,6,-9.91,2.76,-5.75,23.2,-8.45,0.87,-5.0,0.36,-4.81,-9.5,-8.54,-8.09,-7.32,-10.95,-9.17,268,262,262,277,269,6,6,-9,-1
691,Software - Enterprise,Technology - Software,True,10,-0.47,-2.15,-29.06,60.0,10,0.36,10.88,12.13,26.46,-8.45,1.0,1.0,-2.51,-0.18,-1.95,-27.75,-7.96,-8.45,-7.95,-7.46,269,279,260,236,243,-10,9,33,26
771,Banks - Regional,Financials - Banks,True,15,-6.09,-13.74,-0.92,6.67,15,-14.6,6.32,1.37,13.2,-8.62,1.0,-4.33,0.86,-5.71,-13.65,-0.77,-8.44,-8.62,-10.79,-10.61,270,281,268,275,290,-11,2,-5,-20
776,Banks - West,Financials - Banks,True,6,-6.18,-11.95,-4.51,20.0,5,-13.76,15.3,13.01,32.12,-8.65,0.87,-3.0,1.81,-6.0,-13.31,-5.69,-9.58,-7.49,-10.15,-9.59,271,266,289,269,274,5,-18,2,-3
918,Homebuilders - Large,Real Estate - Non REIT,True,5,-7.63,-10.25,-6.71,0.0,5,-7.06,5.04,-5.92,31.47,-8.71,0.79,-5.0,-3.19,-7.59,-10.26,-6.51,-8.65,-6.89,-11.21,-8.82,272,257,271,283,261,15,1,-11,11
794,Mortgage Finance,Financials - Other,True,6,-4.25,-8.51,-13.57,33.33,6,-11.55,12.96,11.81,29.8,-8.71,0.87,-1.67,3.04,-4.22,-9.02,-16.23,-9.62,-7.54,-9.54,-9.06,273,267,291,259,266,6,-18,14,7
719,Defense - Services,Defense,True,7,-3.94,-12.16,-7.01,0.0,6,-12.77,5.58,-5.16,27.06,-8.82,0.94,-5.0,0.61,-3.91,-11.96,-6.85,-8.67,-8.25,-11.32,-10.45,274,275,272,286,287,-1,2,-12,-13
770,Banks - Super Regional,Financials - Banks,True,9,-5.77,-15.16,0.31,0.0,9,-14.65,1.57,-13.45,12.96,-8.95,1.0,-5.0,-0.51,-5.71,-15.12,0.53,-8.85,-8.95,-11.45,-11.35,275,282,276,287,300,-7,-1,-12,-25
912,Building Materials,Materials & Chemicals,True,6,-9.23,-9.78,-7.3,25.0,4,-14.93,12.85,9.3,32.14,-9.02,0.87,-2.5,5.15,-9.23,-9.78,-7.3,-9.02,-7.81,-10.27,-8.89,276,270,280,271,262,6,-4,5,14
672,AI - Enterprise Apps,Artificial Intelligence,True,9,-0.97,-2.31,-30.56,66.67,9,0.67,11.52,12.13,26.68,-9.04,1.0,1.67,-2.98,-0.87,-2.12,-29.6,-8.68,-9.04,-8.2,-7.85,277,283,273,242,250,-6,4,35,27
692,Software - SMB,Technology - Software,True,8,-4.09,-6.19,-19.7,42.86,7,-5.91,13.95,12.13,23.38,-9.04,1.0,-0.71,-0.28,-4.18,-6.4,-19.57,-9.14,-9.04,-9.4,-9.5,278,284,283,258,272,-6,-5,20,6
984,Prisons,Specialty Themes,True,2,-5.78,-9.84,-10.92,0.0,2,-9.84,3.43,-7.41,62.33,-9.09,0.5,-5.0,0.0,-5.78,-9.84,-10.92,-9.09,-4.55,-11.59,-5.8,279,212,281,290,213,67,-2,-11,66
836,Diagnostics & Labs,Healthcare - Devices & Services,True,9,-11.64,-7.81,-9.23,25.0,8,-4.99,9.98,4.87,34.07,-9.12,1.0,-2.5,-2.82,-6.93,-7.51,-9.26,-7.8,-9.12,-10.37,-9.05,280,287,258,272,265,-7,22,8,15
960,India,International,True,10,-4.32,-10.65,-11.06,12.5,8,-9.53,10.54,2.54,34.97,-9.17,1.0,-3.75,-1.12,-3.75,-9.75,-10.89,-8.54,-9.17,-11.04,-10.41,281,288,269,279,285,-7,12,2,-4
883,Luxury & Apparel,Consumer - Leisure,True,10,-6.62,-9.48,-11.18,0.0,9,-8.34,5.48,-2.64,26.31,-9.19,1.0,-5.0,-1.14,-6.42,-8.76,-12.69,-9.16,-9.19,-11.69,-11.66,282,289,284,291,304,-7,-2,-9,-22
832,Medical Equipment,Healthcare - Devices & Services,True,10,-4.54,-10.76,-11.19,10.0,10,-10.46,5.85,0.52,19.63,-9.31,1.0,-4.0,-0.3,-4.79,-10.96,-10.92,-9.41,-9.31,-11.31,-11.41,283,292,285,285,302,-9,-2,-2,-19
741,Energy Storage & Batteries,Energy - Clean,True,9,3.11,-9.52,-21.51,14.29,7,-18.91,27.66,48.84,29.72,-9.36,1.0,-3.57,9.39,1.07,-12.92,-26.88,-12.91,-9.36,-11.15,-14.7,284,293,315,281,321,-9,-31,3,-37
929,EV - Batteries,Autos & EV,True,8,3.11,-9.52,-21.51,14.29,7,-18.91,27.66,48.84,29.72,-9.36,1.0,-3.57,9.39,1.07,-12.92,-26.88,-12.91,-9.36,-11.15,-14.7,285,294,316,282,322,-9,-31,3,-37
850,Retail - Home Improvement,Consumer - Retail,True,9,-5.61,-14.88,-2.23,0.0,8,-12.73,8.13,-7.92,27.12,-9.4,1.0,-5.0,-2.15,-5.58,-13.83,-2.11,-8.84,-9.4,-11.9,-11.34,286,295,275,293,299,-9,11,-7,-13
905,Consulting,Industrials - Services,True,6,-2.85,-9.78,-15.77,20.0,5,-10.9,6.53,0.4,31.68,-9.54,0.87,-3.0,1.12,-2.88,-10.36,-15.77,-9.84,-8.26,-11.04,-9.82,287,276,293,278,278,11,-6,9,9
703,Video Games,Technology - Internet,True,13,-0.07,-6.46,-25.76,18.18,11,-3.76,11.15,12.37,26.76,-9.68,1.0,-3.18,-2.7,0.07,-6.59,-25.02,-9.53,-9.68,-11.27,-11.13,288,298,287,284,295,-10,1,4,-7
768,Banks - Mega,Financials - Banks,True,6,-4.47,-13.29,-7.85,0.0,6,-12.24,2.89,-10.74,23.51,-9.72,0.87,-5.0,-1.05,-4.32,-12.98,-7.9,-9.54,-8.42,-12.22,-10.43,289,278,288,295,286,11,1,-6,3
980,Tobacco,Specialty Themes,True,7,-4.85,-12.19,-10.3,16.67,6,-7.84,13.34,3.01,36.64,-9.88,0.94,-3.33,-4.36,-4.87,-12.65,-4.87,-8.76,-9.25,-11.55,-9.75,290,291,274,289,276,-1,16,1,14
848,Retail - E-Commerce,Consumer - Retail,True,9,-1.75,-9.46,-18.9,25.0,8,-9.7,11.71,9.39,25.25,-9.89,1.0,-2.5,0.24,-1.76,-9.64,-19.12,-10.04,-9.89,-11.14,-11.29,291,300,294,280,297,-9,-3,11,-6
784,Insurance - Title,Financials - Insurance,True,4,-7.12,-11.96,-9.49,0.0,4,-13.38,6.56,-3.26,37.22,-10.13,0.71,-5.0,1.42,-7.12,-11.96,-9.49,-10.13,-7.16,-12.63,-8.93,292,259,295,296,263,33,-3,-4,29
937,AR/VR & Metaverse,Emerging Tech,True,9,-2.91,-7.92,-22.19,0.0,9,-4.66,8.72,-1.52,38.16,-10.24,1.0,-5.0,-3.26,-3.2,-7.14,-20.83,-9.58,-10.24,-12.74,-12.08,293,304,290,297,308,-11,3,-4,-15
788,Hedge Fund Hotels,Financials - Other,True,6,-5.21,-12.05,-12.81,0.0,6,-11.84,3.75,-6.76,25.44,-10.53,0.87,-5.0,-0.2,-5.02,-11.9,-11.91,-10.18,-9.12,-13.03,-10.99,294,285,297,299,293,9,-3,-5,1
701,Internet - Classifieds,Technology - Internet,True,6,-3.82,-9.37,-19.55,50.0,6,-5.55,20.42,10.1,30.53,-10.53,0.87,0.0,-3.82,-4.7,-9.33,-21.21,-11.14,-9.12,-10.53,-9.65,295,286,300,274,275,9,-5,21,20
922,Real Estate Services,Real Estate - Non REIT,True,8,-4.72,-13.26,-10.89,25.0,8,-17.68,15.32,9.06,23.94,-10.53,1.0,-2.5,4.41,-5.6,-12.87,-10.6,-10.48,-10.53,-11.78,-11.73,296,306,298,292,305,-10,-2,4,-9
734,Nuclear - SMR,Energy - Clean,True,5,-2.54,-13.81,-12.63,20.0,5,-16.38,16.18,8.22,35.06,-10.7,0.79,-3.0,2.57,-2.54,-14.55,-14.47,-11.53,-8.46,-12.2,-10.3,297,280,304,294,283,17,-7,3,14
700,Internet - Marketplace,Technology - Internet,True,10,-5.11,-9.96,-18.41,37.5,8,-8.8,15.21,10.1,27.93,-10.86,1.0,-1.25,-1.15,-4.44,-9.83,-19.08,-10.8,-10.86,-11.48,-11.42,298,308,299,288,303,-10,-1,10,-5
798,REITs - Office,Financials - REITs,True,10,-5.65,-11.75,-15.33,11.11,9,-12.13,6.29,0.76,18.44,-11.12,1.0,-3.89,0.38,-5.89,-12.14,-15.46,-11.41,-11.12,-13.06,-13.35,299,309,302,300,313,-10,-3,-1,-14
990,High Short Interest,Specialty Themes,True,7,-3.14,-7.57,-26.25,0.0,5,-5.56,6.42,-0.73,43.39,-11.13,0.94,-5.0,-2.01,-3.41,-7.41,-27.55,-11.44,-10.41,-13.63,-13.04,300,305,303,307,312,-5,-3,-7,-12
790,Fintech - Payments,Financials - Other,True,13,-2.19,-10.75,-21.07,16.67,12,-9.1,15.15,10.74,31.25,-11.19,1.0,-3.33,-1.64,-2.29,-9.46,-19.52,-10.18,-11.19,-12.86,-11.85,301,311,296,298,306,-10,5,3,-5
690,Quantum Computing,Technology - Software,True,8,-3.72,-10.2,-20.74,0.0,8,-7.83,7.41,-3.23,24.85,-11.21,1.0,-5.0,-2.37,-3.55,-10.13,-25.13,-12.23,-11.21,-13.71,-14.73,302,312,308,310,323,-10,-6,-8,-21
946,Telecom - Fiber,Telecom,True,4,-6.02,-14.64,-9.92,0.0,2,-14.64,0.33,-14.41,50.8,-11.31,0.71,-5.0,0.0,-6.02,-14.64,-9.92,-11.31,-7.99,-13.81,-9.76,303,274,301,311,277,29,2,-8,26
819,Biotech - Tools,Healthcare - Biotech,True,8,-5.6,-11.5,-16.69,12.5,8,-9.72,8.11,3.62,23.45,-11.32,1.0,-3.75,-1.78,-5.54,-12.1,-16.49,-11.56,-11.32,-13.2,-13.43,304,313,305,301,315,-9,-1,3,-11
792,Fintech - Banking,Financials - Other,True,6,-4.81,-8.17,-25.49,16.67,6,-12.78,13.5,18.76,21.69,-11.66,0.87,-3.33,4.62,-4.83,-10.34,-24.77,-12.57,-10.09,-13.32,-12.33,305,302,313,302,310,3,-8,3,-5
981,Pet Industry,Specialty Themes,True,8,-11.35,-10.76,-14.07,12.5,8,-6.02,20.58,14.89,47.74,-11.74,1.0,-3.75,-4.74,-6.89,-9.11,-10.85,-8.99,-11.74,-13.61,-10.87,306,315,279,306,292,-9,27,0,14
743,Carbon & Environment,Energy - Clean,True,5,-16.09,-9.16,-14.03,25.0,4,-5.27,16.76,6.02,65.97,-12.11,0.79,-2.5,-3.89,-16.09,-9.16,-14.03,-12.11,-9.57,-13.36,-10.56,307,296,306,304,289,11,1,3,18
857,Retail - Pet,Consumer - Retail,True,5,-14.04,-10.51,-13.58,20.0,5,-5.88,26.47,14.89,67.21,-12.16,0.79,-3.0,-4.63,-9.79,-7.77,-10.21,-8.88,-9.61,-13.66,-8.21,308,297,277,308,253,11,31,0,55
930,Autonomous Vehicles,Autos & EV,True,9,-5.04,-11.93,-20.91,25.0,8,-6.06,30.69,19.36,46.08,-12.45,1.0,-2.5,-5.87,-2.93,-7.61,-17.72,-8.97,-12.45,-13.7,-10.22,309,318,278,309,282,-9,31,0,27
967,Europe - Luxury,International,True,5,-3.98,-14.77,-16.44,0.0,3,-10.36,8.78,-9.07,56.15,-12.49,0.79,-5.0,-4.41,-3.98,-14.77,-16.44,-12.49,-9.87,-14.99,-11.85,310,299,311,314,307,11,-1,-4,3
699,Internet - Food Delivery,Technology - Internet,True,5,-3.56,-9.15,-28.22,33.33,3,-9.0,10.65,1.43,65.58,-12.52,0.79,-1.67,-0.15,-3.56,-9.15,-28.22,-12.52,-9.9,-13.35,-10.55,311,301,312,303,288,10,-1,8,23
852,Retail - Department,Consumer - Retail,True,5,-5.75,-10.88,-24.21,25.0,4,-12.82,11.47,3.57,42.3,-12.93,0.79,-2.5,1.95,-5.75,-10.88,-24.21,-12.93,-10.22,-14.18,-11.21,312,303,317,313,296,9,-5,-1,16
868,Beverages - Spirits,Consumer - Food & Beverage,True,4,-3.56,-18.37,-11.89,0.0,4,-17.89,8.59,-8.34,39.94,-13.04,0.71,-5.0,-0.48,-3.56,-18.37,-11.89,-13.04,-9.22,-15.54,-10.99,313,290,318,317,294,23,-5,-4,19
931,LIDAR,Autos & EV,True,8,-5.4,-11.65,-23.89,42.86,7,-1.12,33.42,19.36,49.8,-13.14,1.0,-0.71,-10.53,-3.33,-7.42,-21.2,-9.84,-13.14,-13.5,-10.2,314,322,292,305,281,-8,22,9,33
934,Trucks & RV,Autos & EV,True,8,-7.46,-21.53,-2.43,0.0,7,-18.52,14.81,-7.18,31.81,-13.24,1.0,-5.0,-3.01,-7.41,-19.98,-1.88,-12.31,-13.24,-15.74,-14.81,315,323,309,319,325,-8,6,-4,-10
881,Outdoor Recreation,Consumer - Leisure,True,7,-7.52,-19.69,-7.25,14.29,7,-18.52,14.72,2.41,33.6,-13.54,0.94,-3.57,-1.17,-7.63,-18.89,-6.11,-12.88,-12.66,-15.32,-13.72,316,319,314,315,316,-3,2,1,0
670,AI - Speech & NLP,Artificial Intelligence,True,5,-4.23,-10.53,-28.95,40.0,5,-11.58,11.85,1.34,44.64,-13.56,0.79,-1.0,1.05,-3.51,-9.91,-29.41,-13.18,-10.72,-14.06,-10.82,317,307,319,312,291,10,-2,5,26
837,CRO & CMO,Healthcare - Devices & Services,True,7,-3.29,-15.37,-20.36,0.0,6,-10.43,10.95,-4.29,34.51,-13.6,0.94,-5.0,-4.93,-3.66,-15.29,-18.93,-13.3,-12.72,-16.1,-14.78,318,320,320,321,324,-2,-2,-3,-6
791,Fintech - Lending,Financials - Other,True,6,-4.34,-13.0,-26.12,16.67,6,-12.78,10.57,3.83,34.19,-14.12,0.87,-3.33,-0.22,-3.78,-13.13,-26.76,-14.2,-12.23,-15.78,-13.74,319,316,321,320,317,3,-2,-1,2
735,Solar - Manufacturers,Energy - Clean,True,8,2.58,-21.0,-17.08,0.0,8,-16.55,13.39,-7.71,24.37,-14.12,1.0,-5.0,-4.45,2.64,-21.06,-18.06,-14.39,-14.12,-16.62,-16.89,320,325,323,322,329,-5,-3,-2,-9
786,Asset Managers,Financials - Other,True,11,-7.37,-16.23,-18.34,0.0,11,-18.39,7.28,-6.76,16.04,-14.54,1.0,-5.0,2.16,-7.25,-15.92,-18.06,-14.29,-14.54,-17.04,-16.79,321,326,322,323,328,-5,-1,-2,-7
923,Real Estate Tech,Real Estate - Non REIT,True,6,-4.55,-15.12,-24.12,33.33,6,-22.1,18.51,9.06,26.96,-14.72,0.87,-1.67,6.99,-5.21,-15.01,-25.82,-15.26,-12.75,-15.56,-13.94,322,321,324,318,318,1,-2,4,4
880,Fitness,Consumer - Leisure,True,5,1.68,-18.45,-26.71,0.0,3,-15.03,8.42,-12.27,50.67,-15.48,0.79,-5.0,-3.42,1.68,-18.45,-26.71,-15.48,-12.24,-17.98,-14.22,323,317,325,324,320,6,-2,-1,3
671,AI - Computer Vision,Artificial Intelligence,True,8,-6.58,-13.5,-28.38,50.0,6,-6.61,36.21,19.36,50.36,-15.49,1.0,0.0,-6.9,-4.57,-9.39,-25.49,-12.21,-15.49,-15.49,-12.21,324,329,307,316,309,-5,17,8,15
895,Airlines - Legacy,Industrials - Transport,True,4,-9.94,-22.76,-10.17,0.0,4,-21.76,2.42,-21.15,28.95,-16.4,0.71,-5.0,-0.99,-9.94,-22.76,-10.17,-16.4,-11.6,-18.9,-13.37,325,314,326,326,314,11,-1,-1,11
673,AI - Robotics,Artificial Intelligence,True,8,-12.88,-16.68,-22.34,14.29,7,-9.11,25.03,0.01,61.41,-17.15,1.0,-3.57,-7.57,-6.59,-12.3,-18.11,-12.32,-17.15,-18.93,-14.11,326,331,310,327,319,-5,16,-1,7
694,Software - Low Code,Technology - Software,True,5,-1.76,-10.31,-46.78,20.0,5,-14.23,8.82,0.39,35.05,-17.29,0.79,-3.0,3.92,-1.97,-10.42,-47.2,-17.5,-13.67,-18.79,-15.02,327,324,327,325,326,3,0,2,1
897,Airlines - International,Industrials - Transport,True,3,-9.5,-23.15,-16.98,0.0,3,-21.96,2.8,-21.15,37.94,-18.2,0.61,-5.0,-1.19,-9.5,-23.15,-16.98,-18.2,-11.14,-20.7,-12.67,328,310,328,328,311,18,0,0,17
839,Animal Health,Healthcare - Devices & Services,True,5,-19.19,-18.23,-19.26,0.0,4,-6.02,24.73,-5.56,75.87,-18.73,0.79,-5.0,-12.21,-19.19,-18.23,-19.26,-18.73,-14.81,-21.23,-16.78,329,327,329,329,327,2,0,0,2
785,Insurtech,Financials - Insurance,True,5,-6.2,-20.24,-29.66,0.0,3,-25.04,8.89,-9.98,42.33,-19.09,0.79,-5.0,4.8,-6.2,-20.24,-29.66,-19.09,-15.09,-21.59,-17.07,330,328,330,330,330,2,0,0,0
822,Pharma - Generic,Healthcare - Pharma,True,6,-7.63,-26.2,-17.79,0.0,4,-21.98,17.89,-11.6,46.98,-19.45,0.87,-5.0,-4.22,-7.63,-26.2,-17.79,-19.45,-16.85,-21.95,-19.01,331,330,331,331,331,1,0,0,0
787,Private Equity,Financials - Other,True,8,-8.19,-21.37,-29.01,0.0,8,-20.64,4.89,-13.23,16.76,-19.98,1.0,-5.0,-0.73,-8.1,-21.58,-28.44,-19.93,-19.98,-22.48,-22.43,332,333,332,332,333,-1,0,0,-1
896,Airlines - LCC,Industrials - Transport,True,5,-12.43,-31.74,-13.6,0.0,4,-29.89,10.11,-21.57,35.92,-22.38,0.79,-5.0,-1.85,-12.43,-31.74,-13.6,-22.38,-17.69,-24.88,-19.67,333,332,333,333,332,1,0,0,1
